"","STATIONID","CRUISEID","CRUISE_NO","Year","Month","Day","VESSEL","AggGrp_20130430","Habitat","SumofUse_Count","SumofUse_Tot_WWT_kg","Count_Use_Count","Subregion_alongshore","Subregion_Depth","Season","VolumeFiltered_Demersal_m3","VolumeFiltered_Pelagic_m3","AreaFiltered_Demersal_m2","AreaFiltered_Pelagic_m2","Pop_Den_Demersal_no_m2","Pop_Den_Pelagic_no_m2","Biomass_Den_Demersal_kg_m2","Biomass_Den_Pelagic_kg_m2","Use_Pop_Den_no_m2","Use_Biomass_Den_kg_m2","DECSLAT","DECSLON","DECELAT","DECELON"
"1",10524,452,983,1998,10,26,17,"large jellyfish","pelagic",7182,82.8302504731938,378,"2_Lou","2_shelf","Fall",159845.030531689,3704.66773792364,3976.24454058928,92.1559138786976,1.80622693767613,77.933142841527,0.0208312767556591,0.898805589212875,77.933142841527,0.898805589212875,29.504,-88.617,29.497,-88.603
"2",10540,452,983,1998,10,29,17,"large jellyfish","pelagic",89208,1342.8337373171,378,"2_Lou","1_inshore","Fall",154151.454275054,1428.41666511981,9945.25511451964,92.1559138786976,8.96990564573454,968.011668978967,0.13502255315267,14.5713246258361,968.011668978967,14.5713246258361,30.091,-88.724,30.068,-88.725
"3",11585,242,912,1991,11,21,32,"large jellyfish","pelagic",378,6.47493277318929,378,"1_Tex","2_shelf","Fall",74633.5409847832,944.598117256651,3640.66053584308,46.0779569393488,0.103827312730344,8.20348872016073,0.00177850494695734,0.140521264467348,8.20348872016073,0.140521264467348,28.242,-96.375,28.239,-96.381
"4",11587,242,912,1991,11,21,32,"large jellyfish","pelagic",18900,332.462351355678,378,"1_Tex","1_inshore","Fall",75228.6304065001,672.738171314493,5152.64591825343,46.0779569393488,3.66801839285057,410.174436008037,0.0645226465451308,7.21521468048787,410.174436008037,7.21521468048787,28.225,-96.475,28.222,-96.48
"5",18827,397,966,1996,10,18,28,"large jellyfish","pelagic",3402,47.4571156579077,378,"1_Tex","1_inshore","Fall",350938.022024981,3213.93749651958,23395.8681349987,214.262499767972,0.145410291268945,15.8777201035369,0.0020284400383893,0.221490534784667,15.8777201035369,0.221490534784667,27.775,-97.017,27.797,-97.011
"6",18828,397,966,1996,10,18,28,"large jellyfish","pelagic",22302,351.356567769302,378,"1_Tex","1_inshore","Fall",285171.255147851,4070.98749559147,15009.0134288343,214.262499767972,1.48590712545802,104.087276234297,0.0234097044043082,1.6398416342094,104.087276234297,1.6398416342094,27.703,-97.009,27.723,-97.03
"7",20982,151,177,1988,10,22,4,"large jellyfish","pelagic",1134,21.3742295495272,378,"1_Tex","1_inshore","Fall",164758.54626422,1179.59569764733,12871.7614268922,92.1559138786976,0.0880998305042233,12.3052330802411,0.00166055202863466,0.231935517211207,12.3052330802411,0.231935517211207,26.573,-97.258,26.575,-97.25
"8",21047,151,177,1988,10,26,4,"large jellyfish","pelagic",756,13.9105694071682,378,"1_Tex","1_inshore","Fall",193338.533370117,1345.47634262899,13242.3652993231,92.1559138786976,0.0570894989612349,8.20348872016073,0.00105045957370465,0.15094603071788,8.20348872016073,0.15094603071788,27.973,-96.897,27.957,-96.867
"9",21063,151,177,1988,10,27,4,"large jellyfish","pelagic",378,6.83288068896542,378,"1_Tex","1_inshore","Fall",164448.736188723,1198.02688042307,12649.9027837479,92.1559138786976,0.0298816525677683,4.10174436008037,0.000540152822181687,0.0741447879075819,4.10174436008037,0.0741447879075819,28.595,-95.893,28.578,-95.89
"10",21065,151,177,1988,10,27,4,"large jellyfish","pelagic",5292,108.038419294368,378,"1_Tex","1_inshore","Fall",159775.90270056,1198.02688042307,12290.4540538893,92.1559138786976,0.430578071143382,57.4244210411251,0.00879043352024738,1.17234385453088,57.4244210411251,1.17234385453088,28.638,-95.82,28.63,-95.817
"11",21067,151,177,1988,10,27,4,"large jellyfish","pelagic",1134,13.7663195013893,378,"1_Tex","1_inshore","Fall",172668.131364039,1345.47634262899,11826.5843400026,92.1559138786976,0.0958856731071811,12.3052330802411,0.00116401482504341,0.14938074966637,12.3052330802411,0.14938074966637,28.695,-95.66,28.675,-95.65
"12",21139,151,177,1988,10,31,4,"large jellyfish","pelagic",2646,45.8013979500161,378,"1_Tex","1_inshore","Fall",163557.752343918,1105.87096654437,13629.8126953265,92.1559138786976,0.194133262073901,28.7122105205626,0.0033603835191162,0.496999009855224,28.7122105205626,0.496999009855224,29.073,-95.09,29.065,-95.082
"13",21244,151,177,1988,11,9,4,"large jellyfish","pelagic",6426,34.7057336541681,378,"2_Lou","1_inshore","Fall",150204.080555506,1013.71505266567,13654.9164141369,92.1559138786976,0.470599731635646,69.7296541213662,0.00254162915404135,0.376598008673109,69.7296541213662,0.376598008673109,28.835,-91.232,28.827,-91.232
"14",21408,293,205,1993,6,23,4,"large jellyfish","pelagic",756,18.8020044729579,378,"1_Tex","1_inshore","Summer",175878.598832017,1520.57257899851,10659.3090201223,92.1559138786976,0.0709239218576787,8.20348872016073,0.00176390462434893,0.204023851336405,8.20348872016073,0.204023851336405,26.486,-97.219,26.481,-97.203
"15",21415,293,205,1993,6,23,4,"large jellyfish","pelagic",1890,42.882814882951,378,"1_Tex","1_inshore","Summer",172844.887771582,1345.47634262899,11838.6909432591,92.1559138786976,0.159646029198538,20.5087218004018,0.00362225985022174,0.465328952620409,20.5087218004018,0.465328952620409,26.131,-97.143,26.129,-97.129
"16",21469,293,205,1993,6,28,4,"large jellyfish","pelagic",3402,62.751591859197,378,"1_Tex","2_shelf","Summer",190176.465280711,1852.33386896182,9461.51568560752,92.1559138786976,0.359561841151412,36.9156992407233,0.00663229803176802,0.680928539668059,36.9156992407233,0.680928539668059,28.446,-96.004,28.412,-95.985
"17",2524,240,913,1991,10,17,23,"large jellyfish","pelagic",756,11.077625888256,378,"2_Lou","1_inshore","Fall",142700.723229257,1013.71505266567,12972.7930208415,92.1559138786976,0.058275808361811,8.20348872016073,0.00085391217376699,0.120205263254588,8.20348872016073,0.120205263254588,30.225,-88.142,30.237,-88.136
"18",2525,240,913,1991,10,17,23,"large jellyfish","pelagic",8694,116.402081722449,378,"2_Lou","1_inshore","Fall",148148.779690283,755.67849380532,18066.9243524735,92.1559138786976,0.481210848641746,94.3401202818484,0.00644282775814651,1.26309942382717,94.3401202818484,1.26309942382717,30.229,-88.108,30.225,-88.103
"19",35169,305,208,1993,10,17,4,"large jellyfish","pelagic",378,4.43604753075551,378,"1_Tex","2_shelf","Fall",178239.692560645,2193.310750313,7489.06271263216,92.1559138786976,0.0504736059109786,4.10174436008037,0.000592336811824665,0.0481363305299599,4.10174436008037,0.0481363305299599,26.617,-97.155,26.617,-97.135
"20",35193,305,208,1993,10,19,4,"large jellyfish","pelagic",6426,113.57587444354,378,"1_Tex","1_inshore","Fall",167829.480364558,1345.47634262899,11495.1698879834,92.1559138786976,0.559017401449411,69.7296541213662,0.00988031282271585,1.23243175248673,69.7296541213662,1.23243175248673,27.803,-97.002,27.796,-96.993
"21",35197,305,208,1993,10,19,4,"large jellyfish","pelagic",3402,58.0682266102469,378,"1_Tex","2_shelf","Fall",163629.526958723,2948.98924411832,5113.42271746008,92.1559138786976,0.66530779635794,36.9156992407233,0.0113560387667481,0.630108521159918,36.9156992407233,0.630108521159918,27.762,-96.746,27.752,-96.742
"22",35205,305,208,1993,10,21,4,"large jellyfish","pelagic",756,16.8838348951166,378,"1_Tex","2_shelf","Fall",176379.801819218,2359.19139529466,6889.83600856321,92.1559138786976,0.109726849675433,8.20348872016074,0.00245054234587472,0.183209456501515,8.20348872016074,0.183209456501515,28.049,-96.517,28.02,-96.51
"23",35208,305,208,1993,10,21,4,"large jellyfish","pelagic",20412,311.771635101391,378,"1_Tex","1_inshore","Fall",146356.482435853,1179.59569764733,11434.100190301,92.1559138786976,1.78518638635985,221.49419544434,0.0272668272896412,3.38308874579409,221.49419544434,3.38308874579409,28.525,-96.012,28.551,-96.012
"24",35231,305,208,1993,10,24,4,"large jellyfish","pelagic",23436,422.718868513175,378,"1_Tex","1_inshore","Fall",166871.698656012,1179.59569764733,13036.851457501,92.1559138786976,1.797673316782,254.308150324983,0.0324249202264214,4.58699665297214,254.308150324983,4.58699665297214,28.625,-95.824,28.607,-95.819
"25",35264,305,208,1993,10,29,4,"large jellyfish","pelagic",10962,311.705823268126,378,"1_Tex","2_shelf","Fall",186853.762078429,1852.33386896182,9296.20706857858,92.1559138786976,1.17919060097659,118.950586442331,0.0335304303108415,3.38237461003768,118.950586442331,3.38237461003768,28.928,-95.085,28.878,-95.08
"26",35271,305,208,1993,10,30,4,"large jellyfish","pelagic",37422,982.582300720361,378,"2_Lou","1_inshore","Fall",128057.046967697,1198.02688042307,9850.54207443823,92.1559138786976,3.79897874829738,406.072691647956,0.0997490588127249,10.6621730431072,406.072691647956,10.6621730431072,29.34,-93.853,29.375,-93.865
"27",36598,121,171,1987,10,26,4,"large jellyfish","pelagic",23436,379.029537091436,378,"2_Lou","1_inshore","Fall",129862.869150025,1345.47634262899,8894.71706507022,92.1559138786976,2.63482242645286,254.308150324983,0.0426128829414816,4.11291604780072,254.308150324983,4.11291604780072,30.177,-88.225,30.202,-88.228
"28",36637,121,171,1987,10,29,4,"large jellyfish","pelagic",378,6.24240639895756,378,"2_Lou","2_shelf","Fall",159806.051360263,3031.92956660915,4857.32678906574,92.1559138786976,0.077820582475717,4.10174436008037,0.00128515265083868,0.0677374477255391,4.10174436008037,0.0677374477255391,29.022,-89.882,29.002,-89.877
"29",36645,121,171,1987,10,30,4,"large jellyfish","pelagic",756,12.7582328626324,378,"2_Lou","1_inshore","Fall",144661.267237783,1179.59569764733,11301.6615029518,92.1559138786976,0.0668928192374677,8.20348872016074,0.00112888117019787,0.138441824573794,8.20348872016074,0.138441824573794,29.108,-89.533,29.09,-89.542
"30",36647,121,171,1987,10,30,4,"large jellyfish","pelagic",1512,32.3470509721177,378,"2_Lou","1_inshore","Fall",146866.545404609,1013.71505266567,13351.5041276918,92.1559138786976,0.113245667719491,16.4069774403215,0.00242272710720496,0.351003528809831,16.4069774403215,0.351003528809831,29.15,-89.532,29.138,-89.535
"31",36649,121,171,1987,10,30,4,"large jellyfish","pelagic",1512,29.0308862733942,378,"2_Lou","2_shelf","Fall",166091.627890705,2193.310750313,6978.63982734053,92.1559138786976,0.216661131310484,16.4069774403215,0.00415996340141507,0.315019243492141,16.4069774403215,0.315019243492141,29.105,-89.837,29.1,-89.818
"32",36653,121,171,1987,10,30,4,"large jellyfish","pelagic",756,12.1234619652718,378,"2_Lou","2_shelf","Fall",163985.353152587,2525.07204027631,5984.86690337908,92.1559138786976,0.126318598592921,8.20348872016073,0.00202568614490439,0.131553814128843,8.20348872016073,0.131553814128843,28.87,-90.153,28.852,-90.143
"33",36655,121,171,1987,10,30,4,"large jellyfish","pelagic",756,15.1582765296869,378,"2_Lou","2_shelf","Fall",160285.399266038,2359.19139529466,6261.14840882963,92.1559138786976,0.120744622333799,8.20348872016074,0.00242100578678351,0.164485119746513,8.20348872016074,0.164485119746513,28.898,-90.162,28.887,-90.152
"34",36665,121,171,1987,10,31,4,"large jellyfish","pelagic",1134,21.5999084170069,378,"2_Lou","1_inshore","Fall",174292.757146592,1686.45322398017,9524.19437959521,92.1559138786976,0.119065188592696,12.3052330802411,0.00226789873832089,0.234384398221456,12.3052330802411,0.234384398221456,28.91,-90.438,28.892,-90.418
"35",36799,121,171,1987,11,12,4,"large jellyfish","pelagic",1512,31.9588264502153,378,"2_Lou","1_inshore","Fall",171104.2547466,1013.71505266567,15554.9322496909,92.1559138786976,0.0972038949272856,16.4069774403215,0.00205457831234529,0.346790836367613,16.4069774403215,0.346790836367613,29.662,-93.451,29.627,-93.449
"36",36801,121,171,1987,11,12,4,"large jellyfish","pelagic",3780,81.2900842958324,378,"2_Lou","1_inshore","Fall",198309.370429948,1013.71505266567,18028.1245845407,92.1559138786976,0.209672391727389,41.0174436008037,0.00450907047566885,0.88209297563727,41.0174436008037,0.88209297563727,29.59,-93.597,29.545,-93.573
"37",36807,121,171,1987,11,12,4,"large jellyfish","pelagic",3024,62.6428682664448,378,"1_Tex","2_shelf","Fall",162346.725910845,2700.16827664584,5540.84388774214,92.1559138786976,0.545765241047472,32.8139548806429,0.0113056547947557,0.679748760876051,32.8139548806429,0.679748760876051,28.717,-94.035,28.691,-94.037
"38",36887,121,171,1987,11,20,4,"large jellyfish","pelagic",1512,33.0692491671904,378,"1_Tex","2_shelf","Fall",222339.883635513,2866.0489216275,7149.19239985574,92.1559138786976,0.211492419763456,16.4069774403215,0.00462559227918635,0.358840228210624,16.4069774403215,0.358840228210624,27.533,-97,27.507,-96.947
"39",36893,121,171,1987,11,20,4,"large jellyfish","pelagic",14364,338.061270177864,378,"1_Tex","2_shelf","Fall",205407.086614501,2525.07204027631,7496.60900052923,92.1559138786976,1.91606631731573,155.866285683054,0.0450952250749637,3.66836219130598,155.866285683054,3.66836219130598,27.499,-97.071,27.472,-97.035
"40",36905,121,171,1987,11,21,4,"large jellyfish","pelagic",3402,79.1458362379513,378,"1_Tex","1_inshore","Fall",187333.619820978,1686.45322398017,10236.8098262829,92.1559138786976,0.332330096751958,36.9156992407233,0.00773149424293738,0.858825363526087,36.9156992407233,0.858825363526087,27.167,-97.317,27.168,-97.288
"41",36907,121,171,1987,11,21,4,"large jellyfish","pelagic",12096,256.814558237815,378,"1_Tex","2_shelf","Fall",190741.471226072,2193.310750313,8014.34753050723,92.1559138786976,1.5092931712726,131.255819522572,0.0320443501183634,2.78673985671558,131.255819522572,2.78673985671558,27.002,-97.287,27.003,-97.255
"42",37242,140,174,1988,6,24,4,"large jellyfish","pelagic",15120,371.601038796599,378,"1_Tex","2_shelf","Summer",168021.054754223,2752.3899611771,6563.32245133684,107.515232858481,2.30371128526838,140.631235202755,0.0566178245167446,3.4562640931609,140.631235202755,3.4562640931609,28.525,-95.555,28.492,-95.558
"43",37254,140,174,1988,6,25,4,"large jellyfish","pelagic",20790,248.174881189765,378,"1_Tex","2_shelf","Summer",173582.695740385,2161.05618045546,8635.95501195946,107.515232858481,2.40737706150728,193.367948403789,0.0287373985675101,2.30827646084747,193.367948403789,2.30827646084747,28.491,-95.842,28.47,-95.832
"44",37274,140,174,1988,6,26,4,"large jellyfish","pelagic",18900,396.148976910279,378,"1_Tex","1_inshore","Summer",175766.938524079,1569.72239973382,12038.8314057588,107.515232858481,1.56991981721408,175.789044003444,0.0329059327735729,3.68458465259262,175.789044003444,3.68458465259262,28.05,-96.785,28.038,-96.77
"45",37276,140,174,1988,6,26,4,"large jellyfish","pelagic",7182,142.402648815647,378,"1_Tex","1_inshore","Summer",186355.646211936,1967.52876131019,10183.368645461,107.515232858481,0.705267603486123,66.7998367213088,0.0139838450097866,1.32448812163285,66.7998367213088,1.32448812163285,28.007,-96.775,27.99,-96.752
"46",37394,140,174,1988,7,6,4,"large jellyfish","pelagic",24570,413.259763798483,378,"2_Lou","1_inshore","Summer",156600.408183169,1569.72239973382,10726.0553550116,107.515232858481,2.29068368442832,228.525757204478,0.0385285876419978,3.84373221181082,228.525757204478,3.84373221181082,29.32,-93.865,29.312,-93.862
"47",37593,239,197,1991,10,16,4,"large jellyfish","pelagic",378,6.44992193747754,378,"1_Tex","2_shelf","Fall",169968.545833654,2700.16827664584,5800.97426053425,92.1559138786976,0.0651614682333011,4.10174436008037,0.00111186873924924,0.0699892352645691,4.10174436008037,0.0699892352645691,26.508,-97.07,26.51,-97.057
"48",37613,239,197,1991,10,18,4,"large jellyfish","pelagic",1134,24.9705906355226,378,"1_Tex","2_shelf","Fall",182867.57306627,2018.21451394348,8350.11749161052,92.1559138786976,0.13580647232082,12.3052330802411,0.00299044781832243,0.270960262717276,12.3052330802411,0.270960262717276,27.583,-97.098,27.582,-97.073
"49",37615,239,197,1991,10,18,4,"large jellyfish","pelagic",15876,344.215734841904,378,"1_Tex","1_inshore","Fall",179523.409721645,1520.57257899851,10880.2066497967,92.1559138786976,1.45916346178009,172.273263123375,0.0316368747323689,3.73514536782724,172.273263123375,3.73514536782724,27.83,-96.987,27.82,-96.968
"50",37626,239,197,1991,10,19,4,"large jellyfish","pelagic",23814,729.756240374115,378,"1_Tex","2_shelf","Fall",131513.43602329,2018.21451394348,6005.17972709085,92.1559138786976,3.96557656593843,258.409894685063,0.121521132345466,7.91871307721687,258.409894685063,7.91871307721687,27.46,-97.143,27.463,-97.165
"51",37647,239,197,1991,10,21,4,"large jellyfish","pelagic",103572,2476.80026026927,378,"1_Tex","1_inshore","Fall",161611.161142595,1013.71505266567,14691.923740236,92.1559138786976,7.04958736726581,1123.87795466202,0.168582433727599,26.8761944407541,1123.87795466202,26.8761944407541,28.543,-96.067,28.53,-96.065
"52",37676,239,197,1991,10,26,4,"large jellyfish","pelagic",2268,45.8374853830427,378,"1_Tex","1_inshore","Fall",198677.501072232,1299.39838568964,14090.6029129243,92.1559138786976,0.160958336134768,24.6104661604822,0.00325305351845515,0.497390600926353,24.6104661604822,0.497390600926353,29.36,-94.535,29.315,-94.512
"53",37678,239,197,1991,10,26,4,"large jellyfish","pelagic",2268,41.3414667248733,378,"1_Tex","1_inshore","Fall",170136.869262861,1179.59569764733,13291.942911161,92.1559138786976,0.17062968259483,24.6104661604822,0.00311026514341705,0.448603513164549,24.6104661604822,0.448603513164549,29.197,-94.885,29.183,-94.873
"54",37681,239,197,1991,10,26,4,"large jellyfish","pelagic",58212,769.106338941889,378,"1_Tex","1_inshore","Fall",173005.179055217,1013.71505266567,15727.7435504743,92.1559138786976,3.7012302377123,631.668631452376,0.0489012512490196,8.34570790491258,631.668631452376,8.34570790491258,29.1,-95.073,29.087,-95.058
"55",37682,239,197,1991,10,27,4,"large jellyfish","pelagic",21546,429.740601678057,378,"1_Tex","1_inshore","Fall",179360.567181105,1686.45322398017,9801.12388967786,92.1559138786976,2.19831931955185,233.799428524581,0.0438460534235917,4.66319071225003,233.799428524581,4.66319071225003,29.065,-94.905,29.045,-94.887
"56",37683,239,197,1991,10,27,4,"large jellyfish","pelagic",8316,186.128371333148,378,"1_Tex","1_inshore","Fall",189743.968990616,1345.47634262899,12996.1622596312,92.1559138786976,0.639881207533952,90.2383759217681,0.0143217949741441,2.0197116332452,90.2383759217681,2.0197116332452,29.363,-94.53,29.332,-94.507
"57",37747,239,197,1991,11,2,4,"large jellyfish","pelagic",1512,29.9795050138205,378,"2_Lou","1_inshore","Fall",176653.437858013,1179.59569764733,13801.0498326573,92.1559138786976,0.109556882870038,16.4069774403215,0.00217226264504025,0.325312871979998,16.4069774403215,0.325312871979998,29.615,-92.975,29.562,-92.982
"58",37799,239,197,1991,11,8,4,"large jellyfish","pelagic",378,8.20346982928186,378,"2_Lou","1_inshore","Fall",145405.168062521,1013.71505266567,13218.6516420474,92.1559138786976,0.0285959574573865,4.10174436008037,0.000620598080002905,0.0890172912839849,4.10174436008037,0.0890172912839849,28.818,-91.24,28.838,-91.235
"59",37825,239,197,1991,11,15,4,"large jellyfish","pelagic",2268,50.8945957779334,378,"2_Lou","1_inshore","Fall",148919.431037287,1345.47634262899,10199.9610299511,92.1559138786976,0.222353790699813,24.6104661604822,0.00498968531629549,0.552266193626213,24.6104661604822,0.552266193626213,29.185,-89.92,29.172,-89.922
"60",37826,239,197,1991,11,15,4,"large jellyfish","pelagic",4914,100.350661908046,378,"2_Lou","2_shelf","Fall",161235.681322274,3990.35107094761,3723.68779035275,92.1559138786976,1.3196595087083,53.3226766810448,0.0269492684558658,1.08892264950174,53.3226766810448,1.08892264950174,29.013,-89.722,28.997,-89.713
"61",53502,109,167,1987,6,26,4,"large jellyfish","pelagic",378,8.54238574611714,378,"1_Tex","2_shelf","Summer",184787.634912959,2525.07204027631,6744.07426689631,92.1559138786976,0.0560492048338547,4.10174436008037,0.00126665060437545,0.0926949273962087,4.10174436008037,0.0926949273962087,27.405,-97.078,27.402,-97.052
"62",53620,109,167,1987,7,5,4,"large jellyfish","pelagic",13230,307.59079191922,378,"2_Lou","2_shelf","Summer",170904.538882995,1852.33386896182,8502.71337726344,92.1559138786976,1.55597388892086,143.561052602813,0.0361756039832801,3.33772168245321,143.561052602813,3.33772168245321,29.195,-92.638,29.163,-92.633
"63",53707,109,167,1987,7,9,4,"large jellyfish","pelagic",15120,435.631395182075,378,"2_Lou","2_shelf","Summer",150406.649424647,2193.310750313,6319.60711868264,92.1559138786976,2.39255379583658,164.069774403215,0.0689333034476494,4.72711274672492,164.069774403215,4.72711274672492,28.573,-90.838,28.56,-90.84
"64",53794,179,184,1989,10,16,4,"large jellyfish","pelagic",378,6.06173098263591,378,"2_Lou","1_inshore","Fall",129870.395478753,1133.51774070798,10558.56873811,92.1559138786976,0.0358003067816997,4.10174436008037,0.000574105367212961,0.0657769070644213,4.10174436008037,0.0657769070644213,30.152,-88.103,30.157,-88.112
"65",53871,179,184,1989,10,22,4,"large jellyfish","pelagic",1134,32.2454299932544,378,"1_Tex","1_inshore","Fall",284109.447431035,2470.93044087258,17218.7543897597,149.753360052884,0.0658584224114614,7.57245112630222,0.00187269237154758,0.215323582601868,7.57245112630222,0.215323582601868,26.372,-97.185,26.377,-97.167
"66",53897,179,184,1989,10,23,4,"large jellyfish","pelagic",1890,49.5194965487542,378,"1_Tex","2_shelf","Fall",299786.430989065,3279.59858515815,13688.8781273546,149.753360052884,0.138068290360713,12.6207518771704,0.00361749853333847,0.330673692605408,12.6207518771704,0.330673692605408,27.373,-97.217,27.383,-97.188
"67",53904,179,184,1989,10,23,4,"large jellyfish","pelagic",12474,271.614247321677,378,"1_Tex","1_inshore","Fall",161398.605086595,1013.71505266567,14672.6004624178,92.1559138786976,0.85015604643163,135.357563882652,0.0185116638333734,2.94733388113535,135.357563882652,2.94733388113535,27.17,-97.352,27.178,-97.345
"68",53906,179,184,1989,10,24,4,"large jellyfish","pelagic",5292,110.871481901582,378,"1_Tex","1_inshore","Fall",164128.936348801,1198.02688042307,12625.3027960616,92.1559138786976,0.419158263804239,57.4244210411251,0.00878168893788176,1.20308591424224,57.4244210411251,1.20308591424224,27.557,-97.21,27.55,-97.205
"69",53938,179,184,1989,10,25,4,"large jellyfish","pelagic",26460,533.317144753854,378,"1_Tex","1_inshore","Fall",163957.547566534,1013.71505266567,14905.2315969576,92.1559138786976,1.77521562331181,287.122105205626,0.0357805339209029,5.7871179646251,287.122105205626,5.7871179646251,28.023,-96.877,28.025,-96.868
"70",53997,179,184,1989,10,28,4,"large jellyfish","pelagic",756,16.2238736870164,378,"1_Tex","1_inshore","Fall",231532.091563573,2096.54704074037,16538.0065402552,149.753360052884,0.0457128855379164,5.04830075086814,0.000981005397931473,0.108337293275337,5.04830075086814,0.108337293275337,28.568,-95.928,28.585,-95.933
"71",54048,179,184,1989,11,3,4,"large jellyfish","pelagic",1134,29.5581298825493,378,"1_Tex","1_inshore","Fall",161277.629607019,1520.57257899851,9774.40179436482,92.1559138786976,0.116017330150453,12.3052330802411,0.00302403466773694,0.32074045645574,12.3052330802411,0.32074045645574,29.23,-94.697,29.21,-94.697
"72",54060,179,184,1989,11,6,4,"large jellyfish","pelagic",2646,51.4874156367471,378,"2_Lou","1_inshore","Fall",172561.888722544,1345.47634262899,11819.3074467496,92.1559138786976,0.223870984989706,28.7122105205626,0.00435621256733671,0.558698985987146,28.7122105205626,0.558698985987146,29.553,-93.012,29.502,-93.022
"73",54120,179,184,1989,11,9,4,"large jellyfish","pelagic",24192,600.37057372128,378,"2_Lou","1_inshore","Fall",152462.495179488,1345.47634262899,10442.6366561293,92.1559138786976,2.31665630018837,262.511639045143,0.0574922400818084,6.51472649396686,262.511639045143,6.51472649396686,29.192,-92.377,29.172,-92.383
"74",55805,229,195,1991,6,11,4,"large jellyfish","pelagic",378,10.6239713212497,378,"2_Lou","1_inshore","Summer",147263.946104071,1649.59085842869,8227.03609519949,92.1559138786976,0.0459460728780034,4.10174436008037,0.00129134857296285,0.115282577906327,4.10174436008037,0.115282577906327,30.127,-88.06,30.132,-88.052
"75",55898,229,195,1991,6,21,4,"large jellyfish","pelagic",756,23.1238658391177,378,"1_Tex","2_shelf","Summer",187693.749312755,2525.07204027631,6850.13683623192,92.1559138786976,0.110362758886997,8.20348872016073,0.0033756794049442,0.250921127748297,8.20348872016073,0.250921127748297,27.498,-97.053,27.487,-97.027
"76",55920,229,195,1991,6,23,4,"large jellyfish","pelagic",3780,22.7230693067791,378,"1_Tex","2_shelf","Summer",176663.788031994,3372.90644796033,4826.87945442606,92.1559138786976,0.783114646986654,41.0174436008037,0.00470761068746867,0.246572014213747,41.0174436008037,0.246572014213747,27.9,-96.492,27.89,-96.475
"77",55921,229,195,1991,6,24,4,"large jellyfish","pelagic",2646,60.558249867687,378,"1_Tex","2_shelf","Summer",138250.781801193,3041.14515799702,4189.41763033918,92.1559138786976,0.631591365071373,28.7122105205626,0.0144550520409168,0.657128200664346,28.7122105205626,0.657128200664346,27.99,-96.377,28.003,-96.388
"78",55973,229,195,1991,6,29,4,"large jellyfish","pelagic",3780,102.718928207213,378,"2_Lou","1_inshore","Summer",163308.922775398,1345.47634262899,11185.5426558492,92.1559138786976,0.337936219663277,41.0174436008037,0.00918318684820344,1.11462112287681,41.0174436008037,1.11462112287681,29.263,-93.97,29.25,-93.963
"79",60025,202,189,1990,6,19,4,"large jellyfish","pelagic",2268,46.3208297649839,378,"1_Tex","1_inshore","Summer",164023.149227242,1013.71505266567,14911.1953842948,92.1559138786976,0.152100481654796,24.6104661604822,0.00310644643646554,0.502635455668692,24.6104661604822,0.502635455668692,26.18,-97.16,26.185,-97.152
"80",60698,307,935,1993,10,28,17,"large jellyfish","pelagic",48762,487.976863338918,378,"2_Lou","1_inshore","Fall",190365.20992783,1179.59569764733,14872.2820256117,92.1559138786976,3.27871673735252,529.125022450368,0.0328111625706511,5.29512261124369,529.125022450368,5.29512261124369,30.165,-88.846,30.128,-88.818
"81",60700,307,935,1993,10,29,17,"large jellyfish","pelagic",756,10.1425753480467,378,"2_Lou","1_inshore","Fall",146693.7088343,1096.6553751565,12327.2024230504,92.1559138786976,0.0613277833895522,8.20348872016073,0.000822779978779391,0.110058865689261,8.20348872016073,0.110058865689261,30.188,-88.444,30.18,-88.443
"82",60721,307,935,1993,11,3,17,"large jellyfish","pelagic",99036,2000.53175516231,378,"2_Lou","1_inshore","Fall",160738.329728209,672.738171314493,22018.9492778368,92.1559138786976,4.49776230238583,1074.65702234106,0.0908550053828387,21.7081212801553,1074.65702234106,21.7081212801553,29.606,-88.981,29.594,-88.969
"83",62670,261,200,1992,7,8,4,"large jellyfish","pelagic",756,12.8067475628379,378,"2_Lou","2_shelf","Summer",149774.02406342,2018.21451394348,6838.99653257626,92.1559138786976,0.110542533016202,8.20348872016073,0.00187260623716293,0.138968266102761,8.20348872016073,0.138968266102761,28.813,-91.553,28.843,-91.543
"84",62671,261,200,1992,7,8,4,"large jellyfish","pelagic",1890,6.77272821590159,378,"2_Lou","1_inshore","Summer",154082.788547032,1686.45322398017,8419.8245107668,92.1559138786976,0.2244702365926,20.5087218004018,0.000804378785714715,0.0734920628622527,20.5087218004018,0.0734920628622527,28.895,-91.572,28.925,-91.558
"85",62693,261,200,1992,7,10,4,"large jellyfish","pelagic",378,1.74256392974475,378,"2_Lou","1_inshore","Summer",150842.763918518,1520.57257899851,9141.98569203137,92.1559138786976,0.0413476910524466,4.10174436008037,0.000190611097900061,0.0189088671188095,4.10174436008037,0.0189088671188095,28.682,-91.143,28.702,-91.133
"86",62708,261,200,1992,7,12,4,"large jellyfish","pelagic",378,11.6178552015843,378,"2_Lou","2_shelf","Summer",140459.629875723,2359.19139529466,5486.70429202043,92.1559138786976,0.0688938167398128,4.10174436008037,0.00211745605070801,0.126067386373886,4.10174436008037,0.126067386373886,28.605,-90.555,28.613,-90.557
"87",62719,261,200,1992,7,12,4,"large jellyfish","pelagic",4158,131.93292028391,378,"2_Lou","2_shelf","Summer",137840.764495056,2700.16827664584,4704.4629520497,92.1559138786976,0.883841586676411,45.119187960884,0.0280442043286637,1.43162727958588,45.119187960884,1.43162727958588,29.019,-89.884,29.02,-89.89
"88",62737,210,191,1990,10,13,4,"large jellyfish","pelagic",1890,23.9523274953579,378,"2_Lou","1_inshore","Fall",140019.197865328,1649.59085842869,7822.30155672221,92.1559138786976,0.241616867656528,20.5087218004018,0.00306205626587921,0.259910910621381,20.5087218004018,0.259910910621381,30.122,-88.14,30.13,-88.138
"89",62790,210,191,1990,10,19,4,"large jellyfish","pelagic",756,22.7200008963544,378,"1_Tex","2_shelf","Fall",193978.114983617,6745.81289592067,2649.97424841006,92.1559138786976,0.285285791155739,8.20348872016073,0.00857366855922695,0.246538718353552,8.20348872016073,0.246538718353552,26.8,-96.785,26.83,-96.745
"90",62844,210,191,1990,10,26,4,"large jellyfish","pelagic",378,2.480914757781,378,"1_Tex","1_inshore","Fall",157774.51837734,1013.71505266567,14343.1380343036,92.1559138786976,0.0263540655535742,4.10174436008037,0.000172968757035423,0.0269208415755776,4.10174436008037,0.0269208415755776,29.225,-94.84,29.222,-94.835
"91",62955,210,191,1990,11,7,4,"large jellyfish","pelagic",378,11.3840025290239,378,"2_Lou","1_inshore","Fall",164119.00540693,1686.45322398017,8968.25166158085,92.1559138786976,0.0421486834071926,4.10174436008037,0.00126936698016537,0.123529809969747,4.10174436008037,0.123529809969747,28.842,-90.798,28.817,-90.793
"92",62988,210,191,1990,11,15,4,"large jellyfish","pelagic",1890,59.5905161338859,378,"2_Lou","1_inshore","Fall",161457.663153384,1686.45322398017,8822.82312313572,92.1559138786976,0.214217147235326,20.5087218004018,0.00675413247009613,0.646627152027632,20.5087218004018,0.646627152027632,29.432,-88.905,29.415,-88.895
"93",62989,210,191,1990,11,15,4,"large jellyfish","pelagic",1134,15.3711529963525,378,"2_Lou","2_shelf","Fall",151071.254472456,3031.92956660915,4591.83144293178,92.1559138786976,0.246960284603994,12.3052330802411,0.00334749939918056,0.166795079657993,12.3052330802411,0.166795079657993,29.333,-88.878,29.333,-88.87
"94",62990,210,191,1990,11,16,4,"large jellyfish","pelagic",1134,16.7388341402385,378,"2_Lou","1_inshore","Fall",166607.143580327,1013.71505266567,15146.1039618479,92.1559138786976,0.0748707392248514,12.3052330802411,0.00110515774765594,0.181636027854613,12.3052330802411,0.181636027854613,29.335,-89.087,29.342,-89.062
"95",62991,210,191,1990,11,16,4,"large jellyfish","pelagic",756,10.1999067441723,378,"2_Lou","2_shelf","Fall",156456.289946419,2359.19139529466,6111.57382603197,92.1559138786976,0.123699724738635,8.20348872016074,0.00166894928123526,0.110680978733478,8.20348872016074,0.110680978733478,29.18,-88.94,29.173,-88.93
"96",68459,429,973,1997,11,8,17,"large jellyfish","pelagic",4536,10.1547251295544,378,"2_Lou","1_inshore","Fall",153719.038313094,838.618816296148,16892.2020124279,92.1559138786976,0.268526270089759,49.2209323209644,0.000601148691099207,0.110190705101366,49.2209323209644,0.110190705101366,30.002,-88.802,29.995,-88.794
"97",68462,429,973,1997,11,9,17,"large jellyfish","pelagic",325080,10779.7472174361,378,"2_Lou","1_inshore","Fall",159046.168820292,672.738171314493,21787.1464137387,92.1559138786976,14.9207240740352,3527.50014966912,0.494775543925229,116.972929503203,3527.50014966912,116.972929503203,29.705,-88.894,29.694,-88.883
"98",7117,306,933,1993,10,25,23,"large jellyfish","pelagic",1134,21.8058247367571,378,"2_Lou","1_inshore","Fall",135187.870354752,1216.45806319881,10241.5053299054,92.1559138786976,0.110725910251562,12.3052330802411,0.00212916207474732,0.236618832356864,12.3052330802411,0.236618832356864,30.175,-88.129,30.182,-88.132
"99",7118,306,933,1993,10,25,23,"large jellyfish","pelagic",17010,243.62616096808,378,"2_Lou","1_inshore","Fall",140600.168474175,1179.59569764733,10984.3881620449,92.1559138786976,1.54856144457601,184.578496203617,0.0221793109797319,2.64363024264247,184.578496203617,2.64363024264247,30.204,-88.126,30.216,-88.122
"100",85530,170,180,1989,7,13,4,"large jellyfish","pelagic",2268,51.9070713151603,378,"2_Lou","1_inshore","Summer",161356.496186954,1179.59569764733,12605.9762646058,92.1559138786976,0.179914665266183,24.6104661604822,0.00411765580274028,0.563252743426582,24.6104661604822,0.563252743426582,29.163,-92.162,29.138,-92.16166667
