"cell_id","decslat_cell_ctr","decslon_cell_ctr","year","taxa_grp","pop_mean_no_m3","pop_var_no_m3","n_obs"
2,24.7406314874,-83.6116640116,2012,"Aurelia_spp",0,0,3
2,24.7406314874,-83.6116640116,2013,"Aurelia_spp",0,0,3
2,24.7406314874,-83.6116640116,2014,"Aurelia_spp",69.1705473008552,1796.4725895786,5
2,24.7406314874,-83.6116640116,2015,"Aurelia_spp",0,0,5
2,24.7406314874,-83.6116640116,2016,"Aurelia_spp",17.0590652713759,291.011707933064,4
2,24.7406314874,-83.6116640116,2017,"Aurelia_spp",0,0,4
3,24.7361794432,-83.1130000001,2012,"Aurelia_spp",0,0,6
3,24.7361794432,-83.1130000001,2013,"Aurelia_spp",56.5910507584422,3202.54702594458,5
3,24.7361794432,-83.1130000001,2014,"Aurelia_spp",10.1417653688964,45.3287869977968,9
3,24.7361794432,-83.1130000001,2015,"Aurelia_spp",9.70686976988719,94.2233207295497,7
3,24.7361794432,-83.1130000001,2016,"Aurelia_spp",0,0,3
3,24.7361794432,-83.1130000001,2017,"Aurelia_spp",81.5832070190982,6655.81966752103,6
4,24.7361794426,-82.613,2012,"Aurelia_spp",0,0,1
4,24.7361794426,-82.613,2013,"Aurelia_spp",17.6650755003461,312.054892432928,2
4,24.7361794426,-82.613,2014,"Aurelia_spp",0,0,4
4,24.7361794426,-82.613,2015,"Aurelia_spp",290.846635575449,45440.34478925,2
4,24.7361794426,-82.613,2016,"Aurelia_spp",6.3860002851508,40.7809996419461,5
4,24.7361794426,-82.613,2017,"Aurelia_spp",83.7720753988767,5584.58251843039,7
5,24.736055944,-82.1129998234,2012,"Aurelia_spp",0,0,1
5,24.736055944,-82.1129998234,2013,"Aurelia_spp",24.0245026804707,577.176729043945,3
5,24.736055944,-82.1129998234,2014,"Aurelia_spp",55.2475244638736,658.872934405393,6
5,24.736055944,-82.1129998234,2015,"Aurelia_spp",137.840584129201,19000.0266330792,5
5,24.736055944,-82.1129998234,2016,"Aurelia_spp",0.205087218004018,0.0420607669886277,4
5,24.736055944,-82.1129998234,2017,"Aurelia_spp",0,0,1
6,24.7361794426,-81.6129999993,2015,"Aurelia_spp",0,0,1
8,25.2361723484,-83.6129999998,2012,"Aurelia_spp",0,0,6
8,25.2361723484,-83.6129999998,2013,"Aurelia_spp",0,0,6
8,25.2361723484,-83.6129999998,2014,"Aurelia_spp",53.8302890100411,1034.65302298499,9
8,25.2361723484,-83.6129999998,2015,"Aurelia_spp",0,0,4
8,25.2361723484,-83.6129999998,2016,"Aurelia_spp",0,0,3
8,25.2361723484,-83.6129999998,2017,"Aurelia_spp",0,0,11
9,25.2361723485,-83.1130000002,2012,"Aurelia_spp",0,0,3
9,25.2361723485,-83.1130000002,2013,"Aurelia_spp",102.776035392625,2271.55258282789,6
9,25.2361723485,-83.1130000002,2014,"Aurelia_spp",17.7959279114598,316.695050229874,3
9,25.2361723485,-83.1130000002,2015,"Aurelia_spp",38.0378871764769,525.740357498931,10
9,25.2361723485,-83.1130000002,2016,"Aurelia_spp",0,0,3
9,25.2361723485,-83.1130000002,2017,"Aurelia_spp",16.9172539708315,286.193481913614,8
10,25.2361723488,-82.613,2012,"Aurelia_spp",0,0,6
10,25.2361723488,-82.613,2013,"Aurelia_spp",16.3976764327023,268.8837923916,7
10,25.2361723488,-82.613,2014,"Aurelia_spp",7.34082026347716,53.8876421406769,5
10,25.2361723488,-82.613,2015,"Aurelia_spp",22.3858928096859,204.447432516278,6
10,25.2361723488,-82.613,2016,"Aurelia_spp",0,0,6
10,25.2361723488,-82.613,2017,"Aurelia_spp",5.51211533361449,30.3834154510679,7
11,25.2361106809,-82.1129908285,2012,"Aurelia_spp",4.35011571169017,18.9235067050937,7
11,25.2361106809,-82.1129908285,2013,"Aurelia_spp",902.675187808582,743884.872873546,6
11,25.2361106809,-82.1129908285,2014,"Aurelia_spp",1844.6190475032,1747957.37714285,5
11,25.2361106809,-82.1129908285,2015,"Aurelia_spp",521.706386485394,123627.971285272,7
11,25.2361106809,-82.1129908285,2016,"Aurelia_spp",0,0,3
11,25.2361106809,-82.1129908285,2017,"Aurelia_spp",0,0,3
12,25.2361723489,-81.6129999996,2012,"Aurelia_spp",0,0,4
12,25.2361723489,-81.6129999996,2013,"Aurelia_spp",0,0,2
12,25.2361723489,-81.6129999996,2014,"Aurelia_spp",4.87952862088413,23.8097995620274,3
12,25.2361723489,-81.6129999996,2016,"Aurelia_spp",0,0,1
12,25.2361723489,-81.6129999996,2017,"Aurelia_spp",0,0,1
14,25.7361652288,-83.6129999998,2012,"Aurelia_spp",0,0,4
14,25.7361652288,-83.6129999998,2013,"Aurelia_spp",0,0,3
14,25.7361652288,-83.6129999998,2014,"Aurelia_spp",32.3148152444868,318.457226351728,11
14,25.7361652288,-83.6129999998,2015,"Aurelia_spp",0,0,9
14,25.7361652288,-83.6129999998,2016,"Aurelia_spp",0,0,7
14,25.7361652288,-83.6129999998,2017,"Aurelia_spp",0,0,4
15,25.7361652292,-83.1129999998,2012,"Aurelia_spp",0,0,1
15,25.7361652292,-83.1129999998,2013,"Aurelia_spp",15.7867102440369,249.22022032918,3
15,25.7361652292,-83.1129999998,2014,"Aurelia_spp",197.278710004563,16373.2530836614,7
15,25.7361652292,-83.1129999998,2015,"Aurelia_spp",0,0,7
15,25.7361652292,-83.1129999998,2016,"Aurelia_spp",0,0,7
15,25.7361652292,-83.1129999998,2017,"Aurelia_spp",0,0,8
16,25.7361652292,-82.6130000002,2012,"Aurelia_spp",274.53184791412,75367.7355191415,5
16,25.7361652292,-82.6130000002,2013,"Aurelia_spp",7.4520448129238,55.5329718938245,4
16,25.7361652292,-82.6130000002,2014,"Aurelia_spp",4.30546643019189,18.5370411815093,7
16,25.7361652292,-82.6130000002,2015,"Aurelia_spp",0,0,6
16,25.7361652292,-82.6130000002,2016,"Aurelia_spp",0,0,4
16,25.7361652292,-82.6130000002,2017,"Aurelia_spp",0,0,2
17,25.7361652295,-82.1130000003,2012,"Aurelia_spp",0,0,4
17,25.7361652295,-82.1130000003,2013,"Aurelia_spp",3962.7513023486,15703397.8842655,3
17,25.7361652295,-82.1130000003,2014,"Aurelia_spp",542.008140647634,53382.807765844,11
17,25.7361652295,-82.1130000003,2015,"Aurelia_spp",531.478338551855,145831.010637846,7
17,25.7361652295,-82.1130000003,2016,"Aurelia_spp",0,0,1
17,25.7361652295,-82.1130000003,2017,"Aurelia_spp",0,0,3
18,25.6883469798,-81.6391912278,2012,"Aurelia_spp",0,0,2
18,25.6883469798,-81.6391912278,2014,"Aurelia_spp",102.61361658624,10529.5543089078,6
18,25.6883469798,-81.6391912278,2015,"Aurelia_spp",75.321919147309,2128.39152496329,5
18,25.6883469798,-81.6391912278,2017,"Aurelia_spp",0,0,1
19,26.2537869505,-97.0249634402,2012,"Aurelia_spp",0,0,39
19,26.2537869505,-97.0249634402,2013,"Aurelia_spp",5.65991041643677,20.8421913032289,31
19,26.2537869505,-97.0249634402,2014,"Aurelia_spp",1.71720619670968,2.16948912386267,36
19,26.2537869505,-97.0249634402,2015,"Aurelia_spp",15.0629818393427,226.893421892369,5
19,26.2537869505,-97.0249634402,2016,"Aurelia_spp",0,0,6
19,26.2537869505,-97.0249634402,2017,"Aurelia_spp",29.2134683954704,853.426735693149,7
20,26.2427027375,-96.6816757159,2012,"Aurelia_spp",0,0,7
20,26.2427027375,-96.6816757159,2013,"Aurelia_spp",39.74423900226,1579.60453386877,3
20,26.2427027375,-96.6816757159,2014,"Aurelia_spp",0,0,9
20,26.2427027375,-96.6816757159,2015,"Aurelia_spp",10.7022733134195,114.538654075132,8
20,26.2427027375,-96.6816757159,2016,"Aurelia_spp",0,0,3
20,26.2427027375,-96.6816757159,2017,"Aurelia_spp",71.4974153147575,1638.33557728226,8
21,26.2360424351,-83.9323141495,2013,"Aurelia_spp",0,0,1
21,26.2360424351,-83.9323141495,2014,"Aurelia_spp",105.855088438856,11205.299748398,1
21,26.2360424351,-83.9323141495,2015,"Aurelia_spp",0,0,1
22,26.2361580821,-83.6130000003,2012,"Aurelia_spp",0,0,5
22,26.2361580821,-83.6130000003,2013,"Aurelia_spp",0,0,6
22,26.2361580821,-83.6130000003,2014,"Aurelia_spp",48.3638008206651,288.112138630165,8
22,26.2361580821,-83.6130000003,2015,"Aurelia_spp",63.1642790033282,1256.783895887,6
22,26.2361580821,-83.6130000003,2016,"Aurelia_spp",0,0,4
22,26.2361580821,-83.6130000003,2017,"Aurelia_spp",6.08297172246262,37.0025449762799,10
23,26.2361580824,-83.1130000002,2012,"Aurelia_spp",0,0,4
23,26.2361580824,-83.1130000002,2013,"Aurelia_spp",21.7755759950689,225.75003585602,6
23,26.2361580824,-83.1130000002,2014,"Aurelia_spp",75.6969143135561,1532.10081024528,10
23,26.2361580824,-83.1130000002,2015,"Aurelia_spp",0,0,12
23,26.2361580824,-83.1130000002,2016,"Aurelia_spp",0,0,8
23,26.2361580824,-83.1130000002,2017,"Aurelia_spp",0,0,6
24,26.2361580823,-82.6129999996,2012,"Aurelia_spp",0,0,4
24,26.2361580823,-82.6129999996,2013,"Aurelia_spp",0,0,4
24,26.2361580823,-82.6129999996,2014,"Aurelia_spp",4318.1851019683,10335357.6077463,8
24,26.2361580823,-82.6129999996,2015,"Aurelia_spp",5114.35053442926,21359757.7807388,10
24,26.2361580823,-82.6129999996,2016,"Aurelia_spp",0,0,8
24,26.2361580823,-82.6129999996,2017,"Aurelia_spp",356.641837052335,78613.19144667,5
25,26.2214451413,-82.1202985108,2012,"Aurelia_spp",0,0,3
25,26.2214451413,-82.1202985108,2013,"Aurelia_spp",1.60335569860346,1.14868656101843,10
25,26.2214451413,-82.1202985108,2014,"Aurelia_spp",121.232509542915,5870.8759707693,7
25,26.2214451413,-82.1202985108,2015,"Aurelia_spp",382.555043877317,146348.361595976,3
25,26.2214451413,-82.1202985108,2016,"Aurelia_spp",26.4269529485178,698.383842143171,2
25,26.2214451413,-82.1202985108,2017,"Aurelia_spp",0,0,2
27,26.7480575961,-97.0927775208,2012,"Aurelia_spp",0,0,4
27,26.7480575961,-97.0927775208,2013,"Aurelia_spp",2800.10640732255,3457418.2846009,7
27,26.7480575961,-97.0927775208,2014,"Aurelia_spp",18.3232146643919,335.740195637386,3
27,26.7480575961,-97.0927775208,2015,"Aurelia_spp",0,0,7
27,26.7480575961,-97.0927775208,2016,"Aurelia_spp",52.465031916748,2752.57957402539,3
27,26.7480575961,-97.0927775208,2017,"Aurelia_spp",92.4893920065036,3422.13877974084,6
28,26.7359779827,-96.6817140219,2012,"Aurelia_spp",18.9427765990872,358.828785282926,10
28,26.7359779827,-96.6817140219,2013,"Aurelia_spp",27.5973774380792,761.615241459803,5
28,26.7359779827,-96.6817140219,2014,"Aurelia_spp",0,0,4
28,26.7359779827,-96.6817140219,2015,"Aurelia_spp",0,0,3
28,26.7359779827,-96.6817140219,2016,"Aurelia_spp",0,0,5
28,26.7359779827,-96.6817140219,2017,"Aurelia_spp",0,0,4
29,26.736037192,-83.932585241,2012,"Aurelia_spp",0,0,1
29,26.736037192,-83.932585241,2014,"Aurelia_spp",0,0,1
29,26.736037192,-83.932585241,2015,"Aurelia_spp",0,0,2
29,26.736037192,-83.932585241,2017,"Aurelia_spp",0,0,1
30,26.7361509076,-83.6129999997,2012,"Aurelia_spp",0,0,6
30,26.7361509076,-83.6129999997,2013,"Aurelia_spp",17.8418528867151,318.331714431185,5
30,26.7361509076,-83.6129999997,2014,"Aurelia_spp",0,0,2
30,26.7361509076,-83.6129999997,2015,"Aurelia_spp",36.9126473475983,1362.54353420815,4
30,26.7361509076,-83.6129999997,2016,"Aurelia_spp",0,0,5
30,26.7361509076,-83.6129999997,2017,"Aurelia_spp",73.2503355323313,4282.03783857605,10
31,26.7361509078,-83.1129999999,2012,"Aurelia_spp",0,0,7
31,26.7361509078,-83.1129999999,2013,"Aurelia_spp",6.73279272650228,45.330497898042,6
31,26.7361509078,-83.1129999999,2014,"Aurelia_spp",115.926314491413,5438.76156586864,6
31,26.7361509078,-83.1129999999,2015,"Aurelia_spp",0,0,8
31,26.7361509078,-83.1129999999,2016,"Aurelia_spp",10.6775567468759,114.010218082755,9
31,26.7361509078,-83.1129999999,2017,"Aurelia_spp",0,0,6
32,26.735176418,-82.613976949,2012,"Aurelia_spp",0,0,4
32,26.735176418,-82.613976949,2013,"Aurelia_spp",30.5171460572001,376.00356376978,5
32,26.735176418,-82.613976949,2014,"Aurelia_spp",578.737710314533,187897.054056624,7
32,26.735176418,-82.613976949,2015,"Aurelia_spp",2475.05535297009,5531384.06012295,8
32,26.735176418,-82.613976949,2016,"Aurelia_spp",0,0,4
32,26.735176418,-82.613976949,2017,"Aurelia_spp",53.15050469556,1420.59194914836,6
33,26.6505088581,-82.2999143091,2012,"Aurelia_spp",0,0,1
33,26.6505088581,-82.2999143091,2014,"Aurelia_spp",0,0,2
33,26.6505088581,-82.2999143091,2015,"Aurelia_spp",16.3607724347291,267.674874660992,1
33,26.6505088581,-82.2999143091,2017,"Aurelia_spp",53.7214573827192,2885.99498332332,1
34,27.2283636653,-97.1026185211,2012,"Aurelia_spp",5.4623612061564,29.8373899465224,8
34,27.2283636653,-97.1026185211,2013,"Aurelia_spp",764.038504998674,583754.837120609,1
34,27.2283636653,-97.1026185211,2014,"Aurelia_spp",3.0813319624472,9.49460666279871,6
34,27.2283636653,-97.1026185211,2015,"Aurelia_spp",0,0,8
34,27.2283636653,-97.1026185211,2016,"Aurelia_spp",0,0,9
34,27.2283636653,-97.1026185211,2017,"Aurelia_spp",17.7959279114599,316.695050229876,7
35,27.2362022653,-96.6813394491,2012,"Aurelia_spp",0,0,4
35,27.2362022653,-96.6813394491,2013,"Aurelia_spp",107.543480998052,2766.80119981125,7
35,27.2362022653,-96.6813394491,2014,"Aurelia_spp",0,0,6
35,27.2362022653,-96.6813394491,2015,"Aurelia_spp",0,0,5
35,27.2362022653,-96.6813394491,2016,"Aurelia_spp",0,0,1
35,27.2362022653,-96.6813394491,2017,"Aurelia_spp",30.9277582329381,455.678227624606,9
37,27.2411335095,-84.1115683659,2012,"Aurelia_spp",0,0,1
37,27.2411335095,-84.1115683659,2013,"Aurelia_spp",0,0,4
37,27.2411335095,-84.1115683659,2014,"Aurelia_spp",30.0664932898911,143.774921017773,9
37,27.2411335095,-84.1115683659,2015,"Aurelia_spp",17.1424836834609,293.864746837723,10
37,27.2411335095,-84.1115683659,2016,"Aurelia_spp",0,0,4
37,27.2411335095,-84.1115683659,2017,"Aurelia_spp",0,0,6
38,27.236143702,-83.6130000002,2012,"Aurelia_spp",0,0,7
38,27.236143702,-83.6130000002,2013,"Aurelia_spp",9.15934164692946,83.8935394051765,5
38,27.236143702,-83.6130000002,2014,"Aurelia_spp",0,0,5
38,27.236143702,-83.6130000002,2015,"Aurelia_spp",48.6162505631192,1564.21573857124,5
38,27.236143702,-83.6130000002,2016,"Aurelia_spp",0,0,6
38,27.236143702,-83.6130000002,2017,"Aurelia_spp",0,0,6
39,27.2361437017,-83.1130000001,2012,"Aurelia_spp",0,0,6
39,27.2361437017,-83.1130000001,2013,"Aurelia_spp",0,0,5
39,27.2361437017,-83.1130000001,2014,"Aurelia_spp",275.16331925829,46533.1210957063,7
39,27.2361437017,-83.1130000001,2015,"Aurelia_spp",82.9509363509377,3064.51041332077,8
39,27.2361437017,-83.1130000001,2016,"Aurelia_spp",25.0566664993354,627.836536058919,3
39,27.2361437017,-83.1130000001,2017,"Aurelia_spp",12.1127122236065,146.717797411907,6
40,27.1960875829,-82.6901678044,2012,"Aurelia_spp",0,0,4
40,27.1960875829,-82.6901678044,2013,"Aurelia_spp",38.2565778833646,19.4509834063454,4
40,27.1960875829,-82.6901678044,2014,"Aurelia_spp",0,0,3
40,27.1960875829,-82.6901678044,2015,"Aurelia_spp",2249.40528800851,5059824.14972065,1
40,27.1960875829,-82.6901678044,2016,"Aurelia_spp",0,0,2
40,27.1960875829,-82.6901678044,2017,"Aurelia_spp",2274.69070529459,3871271.17295611,6
41,27.6818312635,-97.0081923836,2012,"Aurelia_spp",2.85671474368171,8.16081912676846,38
41,27.6818312635,-97.0081923836,2013,"Aurelia_spp",104.162612790767,6598.50532741231,33
41,27.6818312635,-97.0081923836,2014,"Aurelia_spp",0.0536457774842551,0.00240752171008319,34
41,27.6818312635,-97.0081923836,2015,"Aurelia_spp",30.9546476844527,958.190213268593,2
41,27.6818312635,-97.0081923836,2016,"Aurelia_spp",0,0,4
41,27.6818312635,-97.0081923836,2017,"Aurelia_spp",22.6326068902529,275.256512776714,5
42,27.7378521635,-96.6143229338,2012,"Aurelia_spp",4.40785693437208,19.429202753892,17
42,27.7378521635,-96.6143229338,2013,"Aurelia_spp",897.691291115635,626689.493527298,10
42,27.7378521635,-96.6143229338,2014,"Aurelia_spp",0,0,15
42,27.7378521635,-96.6143229338,2015,"Aurelia_spp",2.29978145317328,5.2889947323598,10
42,27.7378521635,-96.6143229338,2016,"Aurelia_spp",37.0155300558364,1370.14946531453,5
42,27.7378521635,-96.6143229338,2017,"Aurelia_spp",4.3186903627989,18.6510864497321,10
43,27.7428637675,-96.1130192664,2012,"Aurelia_spp",0,0,5
43,27.7428637675,-96.1130192664,2013,"Aurelia_spp",0,0,8
43,27.7428637675,-96.1130192664,2014,"Aurelia_spp",0,0,4
43,27.7428637675,-96.1130192664,2015,"Aurelia_spp",0,0,9
43,27.7428637675,-96.1130192664,2016,"Aurelia_spp",0,0,7
43,27.7428637675,-96.1130192664,2017,"Aurelia_spp",7458.67780250388,29604807.3999709,6
44,27.742662238,-95.6813510462,2012,"Aurelia_spp",0,0,1
44,27.742662238,-95.6813510462,2013,"Aurelia_spp",0,0,3
44,27.742662238,-95.6813510462,2014,"Aurelia_spp",0,0,1
44,27.742662238,-95.6813510462,2015,"Aurelia_spp",0,0,2
44,27.742662238,-95.6813510462,2016,"Aurelia_spp",0,0,2
44,27.742662238,-95.6813510462,2017,"Aurelia_spp",0,0,2
46,27.7413571684,-84.6115005469,2013,"Aurelia_spp",0,0,1
46,27.7413571684,-84.6115005469,2014,"Aurelia_spp",0,0,2
46,27.7413571684,-84.6115005469,2015,"Aurelia_spp",0,0,1
46,27.7413571684,-84.6115005469,2016,"Aurelia_spp",0,0,2
46,27.7413571684,-84.6115005469,2017,"Aurelia_spp",0,0,1
47,27.736136465,-84.1130000004,2012,"Aurelia_spp",0,0,4
47,27.736136465,-84.1130000004,2013,"Aurelia_spp",0,0,9
47,27.736136465,-84.1130000004,2014,"Aurelia_spp",30.0306283505884,901.838639131165,7
47,27.736136465,-84.1130000004,2015,"Aurelia_spp",17.3725570458243,301.805738310418,8
47,27.736136465,-84.1130000004,2016,"Aurelia_spp",7.1776909242888,51.5192470046178,9
47,27.736136465,-84.1130000004,2017,"Aurelia_spp",0,0,7
48,27.7361364648,-83.6129999997,2012,"Aurelia_spp",0,0,9
48,27.7361364648,-83.6129999997,2013,"Aurelia_spp",12.9163992905757,166.833370633584,3
48,27.7361364648,-83.6129999997,2014,"Aurelia_spp",14.0645236719601,197.810826119126,6
48,27.7361364648,-83.6129999997,2015,"Aurelia_spp",173.009786664223,29932.3862815999,10
48,27.7361364648,-83.6129999997,2016,"Aurelia_spp",24.6633308619077,286.375299094536,9
48,27.7361364648,-83.6129999997,2017,"Aurelia_spp",0,0,7
49,27.7361364644,-83.1129999994,2012,"Aurelia_spp",0,0,5
49,27.7361364644,-83.1129999994,2013,"Aurelia_spp",0,0,3
49,27.7361364644,-83.1129999994,2014,"Aurelia_spp",189.166488313566,25435.6958004895,9
49,27.7361364644,-83.1129999994,2015,"Aurelia_spp",5458.91694375931,24131311.7103302,3
49,27.7361364644,-83.1129999994,2016,"Aurelia_spp",0,0,4
49,27.7361364644,-83.1129999994,2017,"Aurelia_spp",604.313311111538,337987.594125933,8
50,27.6645684109,-82.8090514871,2014,"Aurelia_spp",17.7959279114597,316.695050229872,2
50,27.6645684109,-82.8090514871,2015,"Aurelia_spp",0,0,1
50,27.6645684109,-82.8090514871,2016,"Aurelia_spp",0,0,1
52,28.1232976973,-96.5582109688,2012,"Aurelia_spp",0,0,12
52,28.1232976973,-96.5582109688,2013,"Aurelia_spp",5.30404970013859,23.88415793424,7
52,28.1232976973,-96.5582109688,2014,"Aurelia_spp",0,0,6
52,28.1232976973,-96.5582109688,2015,"Aurelia_spp",0,0,1
52,28.1232976973,-96.5582109688,2016,"Aurelia_spp",0,0,1
52,28.1232976973,-96.5582109688,2017,"Aurelia_spp",1134.98473568644,1288190.35024122,1
53,28.231060031,-96.1083536073,2012,"Aurelia_spp",4.42457533584092,16.569855012845,39
53,28.231060031,-96.1083536073,2013,"Aurelia_spp",229.237859395288,40437.5255243356,33
53,28.231060031,-96.1083536073,2014,"Aurelia_spp",0.0105579005407474,0.000111469263828314,37
53,28.231060031,-96.1083536073,2015,"Aurelia_spp",0,0,11
53,28.231060031,-96.1083536073,2016,"Aurelia_spp",0,0,12
53,28.231060031,-96.1083536073,2017,"Aurelia_spp",50.273496349874,1739.34702527641,8
54,28.237948453,-95.6143981856,2012,"Aurelia_spp",6.67347296679742,44.535241438576,9
54,28.237948453,-95.6143981856,2013,"Aurelia_spp",1588.80932060279,1553992.19518984,10
54,28.237948453,-95.6143981856,2014,"Aurelia_spp",0,0,8
54,28.237948453,-95.6143981856,2015,"Aurelia_spp",0,0,5
54,28.237948453,-95.6143981856,2016,"Aurelia_spp",0,0,9
54,28.237948453,-95.6143981856,2017,"Aurelia_spp",30.7169883907632,642.721800395323,6
55,28.2431542655,-95.1130590928,2012,"Aurelia_spp",20.8717673035639,435.630670374119,9
55,28.2431542655,-95.1130590928,2013,"Aurelia_spp",12.7765228871472,79.7798887082515,8
55,28.2431542655,-95.1130590928,2014,"Aurelia_spp",0,0,10
55,28.2431542655,-95.1130590928,2015,"Aurelia_spp",0,0,9
55,28.2431542655,-95.1130590928,2016,"Aurelia_spp",34.2543153783752,261.340676639051,6
55,28.2431542655,-95.1130590928,2017,"Aurelia_spp",25.3509584183156,485.099606736437,12
56,28.243407099,-94.6130213175,2012,"Aurelia_spp",0,0,10
56,28.243407099,-94.6130213175,2013,"Aurelia_spp",6.27240710376821,39.343090875402,7
56,28.243407099,-94.6130213175,2014,"Aurelia_spp",6.33613257506923,40.1465760088534,7
56,28.243407099,-94.6130213175,2015,"Aurelia_spp",0,0,11
56,28.243407099,-94.6130213175,2016,"Aurelia_spp",5.18477515112725,26.8818933677466,8
56,28.243407099,-94.6130213175,2017,"Aurelia_spp",170.977799703179,15877.1109429456,6
57,28.2435029568,-94.1130105681,2012,"Aurelia_spp",0,0,9
57,28.2435029568,-94.1130105681,2013,"Aurelia_spp",214.405339477268,19585.9912659158,7
57,28.2435029568,-94.1130105681,2014,"Aurelia_spp",0,0,5
57,28.2435029568,-94.1130105681,2015,"Aurelia_spp",0,0,8
57,28.2435029568,-94.1130105681,2016,"Aurelia_spp",0,0,6
57,28.2435029568,-94.1130105681,2017,"Aurelia_spp",15.3638177635603,236.046896271891,10
58,28.2433437795,-93.6129482918,2012,"Aurelia_spp",0,0,15
58,28.2433437795,-93.6129482918,2013,"Aurelia_spp",33.46724101472,125.037627318087,10
58,28.2433437795,-93.6129482918,2014,"Aurelia_spp",0,0,10
58,28.2433437795,-93.6129482918,2015,"Aurelia_spp",18.1870472062171,330.768686081171,7
58,28.2433437795,-93.6129482918,2016,"Aurelia_spp",14.7329749343913,93.0895719523704,8
58,28.2433437795,-93.6129482918,2017,"Aurelia_spp",907.894626106024,492276.943392462,6
59,28.2430164234,-93.1129565421,2012,"Aurelia_spp",0,0,9
59,28.2430164234,-93.1129565421,2013,"Aurelia_spp",548.50870357233,217985.489781016,8
59,28.2430164234,-93.1129565421,2014,"Aurelia_spp",0,0,5
59,28.2430164234,-93.1129565421,2015,"Aurelia_spp",0,0,3
59,28.2430164234,-93.1129565421,2016,"Aurelia_spp",82.3313790784608,2266.09163239171,12
59,28.2430164234,-93.1129565421,2017,"Aurelia_spp",1418.69076553915,1664072.07827163,8
60,28.2430542357,-92.613000714,2012,"Aurelia_spp",0,0,15
60,28.2430542357,-92.613000714,2013,"Aurelia_spp",8.49846353322773,72.2238824256015,7
60,28.2430542357,-92.613000714,2014,"Aurelia_spp",70.0033694884464,4900.47173973595,7
60,28.2430542357,-92.613000714,2015,"Aurelia_spp",0,0,5
60,28.2430542357,-92.613000714,2016,"Aurelia_spp",0,0,8
60,28.2430542357,-92.613000714,2017,"Aurelia_spp",6.73305754685811,45.334063929303,8
61,28.242941986,-92.1130005623,2012,"Aurelia_spp",0,0,2
61,28.242941986,-92.1130005623,2013,"Aurelia_spp",737.250092635251,543537.699090687,7
61,28.242941986,-92.1130005623,2014,"Aurelia_spp",65.0263205884741,4228.42236927501,9
61,28.242941986,-92.1130005623,2015,"Aurelia_spp",0,0,5
61,28.242941986,-92.1130005623,2016,"Aurelia_spp",43.5546241338659,679.123254646674,11
61,28.242941986,-92.1130005623,2017,"Aurelia_spp",0,0,7
62,28.2430625408,-91.6130007147,2012,"Aurelia_spp",0,0,7
62,28.2430625408,-91.6130007147,2013,"Aurelia_spp",244.354563518921,12852.945588449,5
62,28.2430625408,-91.6130007147,2014,"Aurelia_spp",0,0,7
62,28.2430625408,-91.6130007147,2015,"Aurelia_spp",0,0,6
62,28.2430625408,-91.6130007147,2016,"Aurelia_spp",649.485457924166,357055.32080477,6
62,28.2430625408,-91.6130007147,2017,"Aurelia_spp",6.26564961882646,39.2583651459002,8
63,28.2429508795,-91.1130005901,2012,"Aurelia_spp",241.973774087536,31537.1290772572,5
63,28.2429508795,-91.1130005901,2013,"Aurelia_spp",0,0,5
63,28.2429508795,-91.1130005901,2014,"Aurelia_spp",0,0,5
63,28.2429508795,-91.1130005901,2015,"Aurelia_spp",6.45896847857894,41.7182738072763,8
63,28.2429508795,-91.1130005901,2016,"Aurelia_spp",0,0,7
63,28.2429508795,-91.1130005901,2017,"Aurelia_spp",0,0,6
64,28.2430708459,-90.613000715,2012,"Aurelia_spp",0,0,4
64,28.2430708459,-90.613000715,2013,"Aurelia_spp",236.600283876687,55979.6943305288,4
64,28.2430708459,-90.613000715,2014,"Aurelia_spp",0,0,4
64,28.2430708459,-90.613000715,2015,"Aurelia_spp",0,0,6
64,28.2430708459,-90.613000715,2016,"Aurelia_spp",0,0,4
64,28.2430708459,-90.613000715,2017,"Aurelia_spp",0,0,7
65,28.2430526679,-90.1808055107,2012,"Aurelia_spp",364.141504229663,132599.035102642,1
65,28.2430526679,-90.1808055107,2013,"Aurelia_spp",0,0,2
65,28.2430526679,-90.1808055107,2014,"Aurelia_spp",13.6435447321192,186.146312857337,6
65,28.2430526679,-90.1808055107,2015,"Aurelia_spp",0,0,4
65,28.2430526679,-90.1808055107,2016,"Aurelia_spp",0,0,4
65,28.2430526679,-90.1808055107,2017,"Aurelia_spp",0,0,3
66,28.2357297423,-84.9318203675,2013,"Aurelia_spp",0,0,1
66,28.2357297423,-84.9318203675,2014,"Aurelia_spp",230.234817354511,53008.071122265,1
67,28.2361291941,-84.6129999997,2012,"Aurelia_spp",0,0,1
67,28.2361291941,-84.6129999997,2013,"Aurelia_spp",0,0,4
67,28.2361291941,-84.6129999997,2014,"Aurelia_spp",74.8616366022755,1381.59712055918,6
67,28.2361291941,-84.6129999997,2015,"Aurelia_spp",37.3140423949962,1018.63100963635,9
67,28.2361291941,-84.6129999997,2016,"Aurelia_spp",11.516018735012,132.618687505148,6
67,28.2361291941,-84.6129999997,2017,"Aurelia_spp",0,0,5
68,28.2361291936,-84.1130000002,2012,"Aurelia_spp",0,0,5
68,28.2361291936,-84.1130000002,2013,"Aurelia_spp",0,0,2
68,28.2361291936,-84.1130000002,2014,"Aurelia_spp",8.05142155160838,28.4755599941994,9
68,28.2361291936,-84.1130000002,2015,"Aurelia_spp",157.796633807451,9228.19392391158,9
68,28.2361291936,-84.1130000002,2016,"Aurelia_spp",0,0,4
68,28.2361291936,-84.1130000002,2017,"Aurelia_spp",0,0,6
69,28.2361291936,-83.6129999998,2012,"Aurelia_spp",0,0,8
69,28.2361291936,-83.6129999998,2013,"Aurelia_spp",0,0,2
69,28.2361291936,-83.6129999998,2014,"Aurelia_spp",46.714310767582,2182.22683049023,5
69,28.2361291936,-83.6129999998,2015,"Aurelia_spp",221.862025328084,35533.5261682111,5
69,28.2361291936,-83.6129999998,2016,"Aurelia_spp",0,0,5
69,28.2361291936,-83.6129999998,2017,"Aurelia_spp",625.971764285598,391840.649682825,6
70,28.2361291936,-83.1130000001,2012,"Aurelia_spp",0,0,7
70,28.2361291936,-83.1130000001,2013,"Aurelia_spp",90.759232348445,8237.23825647902,3
70,28.2361291936,-83.1130000001,2014,"Aurelia_spp",0,0,6
70,28.2361291936,-83.1130000001,2015,"Aurelia_spp",2.20669506102102,4.86950309233456,5
70,28.2361291936,-83.1130000001,2016,"Aurelia_spp",0,0,2
70,28.2361291936,-83.1130000001,2017,"Aurelia_spp",2437.1612152461,2957771.59505973,5
71,28.3163550591,-82.799273042,2013,"Aurelia_spp",0,0,1
71,28.3163550591,-82.799273042,2014,"Aurelia_spp",0,0,1
72,28.5389233878,-95.9894472422,2012,"Aurelia_spp",0,0,3
72,28.5389233878,-95.9894472422,2013,"Aurelia_spp",562.066587155547,31591.8848396684,6
72,28.5389233878,-95.9894472422,2014,"Aurelia_spp",0,0,4
72,28.5389233878,-95.9894472422,2015,"Aurelia_spp",0,0,1
73,28.6353864867,-95.5749789612,2012,"Aurelia_spp",21.641119478043,468.338052262934,4
73,28.6353864867,-95.5749789612,2013,"Aurelia_spp",3267.33236454402,10675460.7803968,1
73,28.6353864867,-95.5749789612,2014,"Aurelia_spp",0,0,3
73,28.6353864867,-95.5749789612,2015,"Aurelia_spp",7.21723743075868,52.0885161319442,6
73,28.6353864867,-95.5749789612,2016,"Aurelia_spp",35.262301602337,1243.42991429418,3
73,28.6353864867,-95.5749789612,2017,"Aurelia_spp",191.783654730764,11753.2976525287,9
74,28.7303963645,-95.1076760923,2012,"Aurelia_spp",0,0,3
74,28.7303963645,-95.1076760923,2013,"Aurelia_spp",0,0,3
74,28.7303963645,-95.1076760923,2014,"Aurelia_spp",14.632207393867,214.101493217135,5
74,28.7303963645,-95.1076760923,2015,"Aurelia_spp",0,0,8
74,28.7303963645,-95.1076760923,2016,"Aurelia_spp",54.4841400074961,2080.50697572079,8
74,28.7303963645,-95.1076760923,2017,"Aurelia_spp",0,0,9
75,28.7361218866,-94.6129999999,2012,"Aurelia_spp",0,0,5
75,28.7361218866,-94.6129999999,2013,"Aurelia_spp",24.1480855131892,349.831346949623,8
75,28.7361218866,-94.6129999999,2014,"Aurelia_spp",0,0,4
75,28.7361218866,-94.6129999999,2015,"Aurelia_spp",0,0,8
75,28.7361218866,-94.6129999999,2016,"Aurelia_spp",63.0290497987337,2563.8945119906,6
75,28.7361218866,-94.6129999999,2017,"Aurelia_spp",89.444247078671,2100.05872334554,9
76,28.7360067035,-94.112999866,2012,"Aurelia_spp",0,0,11
76,28.7360067035,-94.112999866,2013,"Aurelia_spp",202.977269535517,8003.51422105643,4
76,28.7360067035,-94.112999866,2014,"Aurelia_spp",58.7759952409047,3454.61761655885,10
76,28.7360067035,-94.112999866,2015,"Aurelia_spp",0,0,9
76,28.7360067035,-94.112999866,2016,"Aurelia_spp",0,0,7
76,28.7360067035,-94.112999866,2017,"Aurelia_spp",8.52151163452593,72.6161605373609,6
77,28.736121887,-93.6129999997,2012,"Aurelia_spp",0,0,11
77,28.736121887,-93.6129999997,2013,"Aurelia_spp",107.777191723254,3414.41315202747,6
77,28.736121887,-93.6129999997,2014,"Aurelia_spp",0,0,7
77,28.736121887,-93.6129999997,2015,"Aurelia_spp",29.185321774794,851.783007098265,5
77,28.736121887,-93.6129999997,2016,"Aurelia_spp",0,0,7
77,28.736121887,-93.6129999997,2017,"Aurelia_spp",104.765540226452,8091.65764892968,10
78,28.7360071107,-93.1129998277,2012,"Aurelia_spp",0,0,9
78,28.7360071107,-93.1129998277,2013,"Aurelia_spp",2865.14439374503,8209052.39700855,3
78,28.7360071107,-93.1129998277,2014,"Aurelia_spp",29.5823078589727,538.604146429041,10
78,28.7360071107,-93.1129998277,2015,"Aurelia_spp",0,0,6
78,28.7360071107,-93.1129998277,2016,"Aurelia_spp",67.7453626110943,3209.25301587834,9
78,28.7360071107,-93.1129998277,2017,"Aurelia_spp",48.3885186376406,999.583966798216,7
79,28.736121887,-92.6129999999,2012,"Aurelia_spp",0,0,5
79,28.736121887,-92.6129999999,2013,"Aurelia_spp",41.2941639574053,628.698433396498,5
79,28.736121887,-92.6129999999,2014,"Aurelia_spp",0,0,11
79,28.736121887,-92.6129999999,2015,"Aurelia_spp",0,0,7
79,28.736121887,-92.6129999999,2016,"Aurelia_spp",230.069080553357,49995.0986423121,5
79,28.736121887,-92.6129999999,2017,"Aurelia_spp",0,0,8
80,28.7360064908,-92.1129998488,2012,"Aurelia_spp",0,0,11
80,28.7360064908,-92.1129998488,2013,"Aurelia_spp",384.392042887531,147757.242635249,1
80,28.7360064908,-92.1129998488,2014,"Aurelia_spp",0,0,7
80,28.7360064908,-92.1129998488,2015,"Aurelia_spp",0,0,8
80,28.7360064908,-92.1129998488,2016,"Aurelia_spp",33.5912969268729,587.681769971881,8
80,28.7360064908,-92.1129998488,2017,"Aurelia_spp",0,0,7
81,28.7361218867,-91.6130000005,2012,"Aurelia_spp",0,0,9
81,28.7361218867,-91.6130000005,2013,"Aurelia_spp",739.834690169641,278626.581086125,9
81,28.7361218867,-91.6130000005,2014,"Aurelia_spp",0,0,9
81,28.7361218867,-91.6130000005,2015,"Aurelia_spp",0,0,8
81,28.7361218867,-91.6130000005,2016,"Aurelia_spp",0,0,8
81,28.7361218867,-91.6130000005,2017,"Aurelia_spp",0,0,6
82,28.7360076815,-91.1129998588,2012,"Aurelia_spp",0,0,8
82,28.7360076815,-91.1129998588,2013,"Aurelia_spp",2488.52323937883,6192747.91292851,3
82,28.7360076815,-91.1129998588,2014,"Aurelia_spp",534.081219377069,285242.748891296,7
82,28.7360076815,-91.1129998588,2015,"Aurelia_spp",0.793401786052582,0.629486394111428,12
82,28.7360076815,-91.1129998588,2016,"Aurelia_spp",328.66341017403,108019.637187223,5
82,28.7360076815,-91.1129998588,2017,"Aurelia_spp",0,0,5
83,28.7361218873,-90.6130000001,2012,"Aurelia_spp",8.20036358160067,67.2459628704426,10
83,28.7361218873,-90.6130000001,2013,"Aurelia_spp",266.06243172909,26258.8283851605,9
83,28.7361218873,-90.6130000001,2014,"Aurelia_spp",5.38731272228737,29.0231383677194,11
83,28.7361218873,-90.6130000001,2015,"Aurelia_spp",0,0,6
83,28.7361218873,-90.6130000001,2016,"Aurelia_spp",45.7210360230964,832.517258176527,10
83,28.7361218873,-90.6130000001,2017,"Aurelia_spp",11.626294399452,47.9095429702864,8
84,28.7376102518,-90.1142066553,2012,"Aurelia_spp",0,0,7
84,28.7376102518,-90.1142066553,2013,"Aurelia_spp",24.9282815908313,269.43303370879,7
84,28.7376102518,-90.1142066553,2014,"Aurelia_spp",7.20735080414126,51.9459056139557,5
84,28.7376102518,-90.1142066553,2015,"Aurelia_spp",0,0,5
84,28.7376102518,-90.1142066553,2016,"Aurelia_spp",315.518066555112,40052.100029706,5
84,28.7376102518,-90.1142066553,2017,"Aurelia_spp",0,0,7
85,28.7409520787,-89.6149927595,2012,"Aurelia_spp",0,0,6
85,28.7409520787,-89.6149927595,2013,"Aurelia_spp",39.1528353495574,588.605847986201,4
85,28.7409520787,-89.6149927595,2014,"Aurelia_spp",89.9727158916437,8095.08960491844,4
85,28.7409520787,-89.6149927595,2015,"Aurelia_spp",0,0,5
85,28.7409520787,-89.6149927595,2016,"Aurelia_spp",0,0,3
85,28.7409520787,-89.6149927595,2017,"Aurelia_spp",0,0,5
86,28.7433776954,-89.1797051282,2012,"Aurelia_spp",0,0,1
86,28.7433776954,-89.1797051282,2013,"Aurelia_spp",0,0,1
86,28.7433776954,-89.1797051282,2014,"Aurelia_spp",0,0,4
86,28.7433776954,-89.1797051282,2015,"Aurelia_spp",31.8843708413654,1016.61310394972,2
86,28.7433776954,-89.1797051282,2016,"Aurelia_spp",0,0,1
86,28.7433776954,-89.1797051282,2017,"Aurelia_spp",0,0,1
87,28.7424794592,-85.4311787311,2013,"Aurelia_spp",0,0,1
87,28.7424794592,-85.4311787311,2014,"Aurelia_spp",495.989732758105,246005.815001456,1
88,28.7413233501,-85.1115021409,2012,"Aurelia_spp",0,0,4
88,28.7413233501,-85.1115021409,2013,"Aurelia_spp",0,0,2
88,28.7413233501,-85.1115021409,2014,"Aurelia_spp",339.184126387742,44058.9141522625,6
88,28.7413233501,-85.1115021409,2015,"Aurelia_spp",0,0,1
88,28.7413233501,-85.1115021409,2016,"Aurelia_spp",0,0,6
88,28.7413233501,-85.1115021409,2017,"Aurelia_spp",0,0,4
89,28.7361218873,-84.613,2012,"Aurelia_spp",0,0,3
89,28.7361218873,-84.613,2013,"Aurelia_spp",0,0,10
89,28.7361218873,-84.613,2014,"Aurelia_spp",3.54528251361113,12.5690281013168,8
89,28.7361218873,-84.613,2015,"Aurelia_spp",14.4615833538556,84.6047265746382,6
89,28.7361218873,-84.613,2016,"Aurelia_spp",0,0,6
89,28.7361218873,-84.613,2017,"Aurelia_spp",0,0,5
90,28.736121887,-84.113,2012,"Aurelia_spp",0,0,7
90,28.736121887,-84.113,2013,"Aurelia_spp",0,0,4
90,28.736121887,-84.113,2014,"Aurelia_spp",6.76245260635471,45.7307652531936,10
90,28.736121887,-84.113,2015,"Aurelia_spp",145.127608028966,21062.0226122091,7
90,28.736121887,-84.113,2016,"Aurelia_spp",0,0,4
90,28.736121887,-84.113,2017,"Aurelia_spp",20.7660069146138,431.227043177788,5
91,28.7361218868,-83.6130000005,2012,"Aurelia_spp",0,0,7
91,28.7361218868,-83.6130000005,2013,"Aurelia_spp",418.078012237354,174789.224316337,5
91,28.7361218868,-83.6130000005,2014,"Aurelia_spp",5.69893405736033,32.4778493901415,9
91,28.7361218868,-83.6130000005,2015,"Aurelia_spp",1082.00654076907,1144569.12952218,5
91,28.7361218868,-83.6130000005,2016,"Aurelia_spp",0,0,8
91,28.7361218868,-83.6130000005,2017,"Aurelia_spp",60.83127281273,3700.44375201678,4
92,28.7361218867,-83.1129999996,2014,"Aurelia_spp",24.2671744247179,588.895754559683,2
92,28.7361218867,-83.1129999996,2015,"Aurelia_spp",84.740021437216,6007.23663526911,6
92,28.7361218867,-83.1129999996,2016,"Aurelia_spp",0,0,1
92,28.7361218867,-83.1129999996,2017,"Aurelia_spp",0,0,1
94,29.0756772506,-94.991471107,2012,"Aurelia_spp",0,0,2
94,29.0756772506,-94.991471107,2013,"Aurelia_spp",0.166674056536599,0.0277802411223654,1
94,29.0756772506,-94.991471107,2016,"Aurelia_spp",35.7287475760847,1276.54340335558,1
95,29.2096555743,-94.5874740493,2012,"Aurelia_spp",1.2289994961946,1.43785634414228,45
95,29.2096555743,-94.5874740493,2013,"Aurelia_spp",177.900081334961,15237.7407520811,36
95,29.2096555743,-94.5874740493,2014,"Aurelia_spp",0.339754753321729,0.0975851558418485,39
95,29.2096555743,-94.5874740493,2015,"Aurelia_spp",11.0882320063711,122.948889027112,8
95,29.2096555743,-94.5874740493,2016,"Aurelia_spp",28.6514439374502,820.905239700852,5
95,29.2096555743,-94.5874740493,2017,"Aurelia_spp",150.304972090282,9138.37890129534,6
96,29.2360005116,-94.1129998657,2012,"Aurelia_spp",0,0,7
96,29.2360005116,-94.1129998657,2013,"Aurelia_spp",649.732987660927,287368.235075991,4
96,29.2360005116,-94.1129998657,2014,"Aurelia_spp",0,0,12
96,29.2360005116,-94.1129998657,2015,"Aurelia_spp",0,0,9
96,29.2360005116,-94.1129998657,2016,"Aurelia_spp",123.549899337633,7002.91293575235,9
96,29.2360005116,-94.1129998657,2017,"Aurelia_spp",0,0,6
97,29.2361145428,-93.6129999997,2012,"Aurelia_spp",73.4595370422087,5396.30358245563,6
97,29.2361145428,-93.6129999997,2013,"Aurelia_spp",10.8555160259905,117.842228190536,3
97,29.2361145428,-93.6129999997,2014,"Aurelia_spp",0,0,9
97,29.2361145428,-93.6129999997,2015,"Aurelia_spp",0,0,5
97,29.2361145428,-93.6129999997,2016,"Aurelia_spp",121.348747031063,6906.62839234815,7
97,29.2361145428,-93.6129999997,2017,"Aurelia_spp",23.2881194565483,542.336507822461,8
98,29.2360003541,-93.1129998278,2012,"Aurelia_spp",0,0,5
98,29.2360003541,-93.1129998278,2013,"Aurelia_spp",2271.69937235893,3878130.03351789,5
98,29.2360003541,-93.1129998278,2014,"Aurelia_spp",2.13551134937518,4.56040872331018,8
98,29.2360003541,-93.1129998278,2015,"Aurelia_spp",49.3006766572573,556.737465533508,17
98,29.2360003541,-93.1129998278,2016,"Aurelia_spp",0,0,4
98,29.2360003541,-93.1129998278,2017,"Aurelia_spp",0,0,4
99,29.2361145426,-92.6130000006,2012,"Aurelia_spp",0,0,4
99,29.2361145426,-92.6130000006,2013,"Aurelia_spp",557.66566004916,201195.546213016,8
99,29.2361145426,-92.6130000006,2014,"Aurelia_spp",18.2764179650692,262.315026459852,6
99,29.2361145426,-92.6130000006,2015,"Aurelia_spp",2.07354338611205,4.29958217408902,8
99,29.2361145426,-92.6130000006,2016,"Aurelia_spp",41.023035689673,501.038116312463,12
99,29.2361145426,-92.6130000006,2017,"Aurelia_spp",30.7268619887098,418.663470901508,11
100,29.2360000383,-92.1129998481,2012,"Aurelia_spp",0,0,1
100,29.2360000383,-92.1129998481,2013,"Aurelia_spp",0,0,5
100,29.2360000383,-92.1129998481,2014,"Aurelia_spp",91.40353807951,5885.38010092247,10
100,29.2360000383,-92.1129998481,2015,"Aurelia_spp",3.55918558229195,12.6678020091949,6
100,29.2360000383,-92.1129998481,2016,"Aurelia_spp",66.1924697798137,1103.48166739376,5
100,29.2360000383,-92.1129998481,2017,"Aurelia_spp",0,0,2
101,29.2124451078,-91.6234439734,2012,"Aurelia_spp",0,0,1
101,29.2124451078,-91.6234439734,2013,"Aurelia_spp",1.84095805980619,3.38912657796537,3
101,29.2124451078,-91.6234439734,2014,"Aurelia_spp",352.786474916779,114921.266134773,3
101,29.2124451078,-91.6234439734,2015,"Aurelia_spp",0,0,6
101,29.2124451078,-91.6234439734,2016,"Aurelia_spp",163.200671145285,12716.6741564444,7
102,29.1015349855,-91.164451074,2013,"Aurelia_spp",3146.32005474609,9899329.88689744,1
102,29.1015349855,-91.164451074,2015,"Aurelia_spp",0,0,1
103,29.0202768615,-90.5975976096,2013,"Aurelia_spp",0,0,1
103,29.0202768615,-90.5975976096,2014,"Aurelia_spp",136.672726360011,18679.4341306784,1
103,29.0202768615,-90.5975976096,2015,"Aurelia_spp",0,0,1
104,29.1177529829,-89.9795667457,2012,"Aurelia_spp",0,0,3
104,29.1177529829,-89.9795667457,2013,"Aurelia_spp",109.978834492821,3532.92330234437,2
104,29.1177529829,-89.9795667457,2014,"Aurelia_spp",893.245123448134,198952.828549194,3
104,29.1177529829,-89.9795667457,2015,"Aurelia_spp",24.9142990760437,620.722298450552,2
104,29.1177529829,-89.9795667457,2016,"Aurelia_spp",146.70187732732,7887.49249218399,5
104,29.1177529829,-89.9795667457,2017,"Aurelia_spp",50.7521454454235,983.109939188413,2
105,29.1223331601,-89.6479638949,2012,"Aurelia_spp",0,0,3
105,29.1223331601,-89.6479638949,2013,"Aurelia_spp",5.63074281573535,31.7052646569553,2
105,29.1223331601,-89.6479638949,2014,"Aurelia_spp",65.2517356753525,4257.78900864607,2
105,29.1223331601,-89.6479638949,2015,"Aurelia_spp",9.31108371081737,86.6962798698485,3
105,29.1223331601,-89.6479638949,2016,"Aurelia_spp",343.048288936087,117682.128541977,3
105,29.1223331601,-89.6479638949,2017,"Aurelia_spp",0,0,3
106,29.2429984452,-88.9669488153,2012,"Aurelia_spp",0,0,3
106,29.2429984452,-88.9669488153,2013,"Aurelia_spp",1158.25242204815,554498.979808659,5
106,29.2429984452,-88.9669488153,2014,"Aurelia_spp",89.5429380819158,5856.11094367183,5
106,29.2429984452,-88.9669488153,2015,"Aurelia_spp",0,0,6
106,29.2429984452,-88.9669488153,2016,"Aurelia_spp",52.3655290117382,1889.75625351979,5
106,29.2429984452,-88.9669488153,2017,"Aurelia_spp",0,0,3
107,29.2432452669,-88.6130474257,2012,"Aurelia_spp",0,0,5
107,29.2432452669,-88.6130474257,2013,"Aurelia_spp",0,0,5
107,29.2432452669,-88.6130474257,2014,"Aurelia_spp",873.406920028727,762839.647954067,3
107,29.2432452669,-88.6130474257,2015,"Aurelia_spp",0,0,2
107,29.2432452669,-88.6130474257,2016,"Aurelia_spp",0,0,5
107,29.2432452669,-88.6130474257,2017,"Aurelia_spp",0,0,9
108,29.243513765,-88.1811927784,2012,"Aurelia_spp",0,0,2
108,29.243513765,-88.1811927784,2013,"Aurelia_spp",0,0,2
108,29.243513765,-88.1811927784,2015,"Aurelia_spp",30.484615696692,186.749183044345,6
108,29.243513765,-88.1811927784,2016,"Aurelia_spp",0,0,2
109,29.2435266495,-85.9309259086,2012,"Aurelia_spp",0,0,1
109,29.2435266495,-85.9309259086,2013,"Aurelia_spp",14.4035791533378,207.463092426466,3
109,29.2435266495,-85.9309259086,2015,"Aurelia_spp",0,0,4
110,29.2415044776,-85.6114686984,2012,"Aurelia_spp",0,0,8
110,29.2415044776,-85.6114686984,2013,"Aurelia_spp",0,0,2
110,29.2415044776,-85.6114686984,2014,"Aurelia_spp",60.1766565585626,825.545675904031,6
110,29.2415044776,-85.6114686984,2015,"Aurelia_spp",354.626918300138,119659.340189394,6
110,29.2415044776,-85.6114686984,2016,"Aurelia_spp",432.422743865478,118032.384901546,5
110,29.2415044776,-85.6114686984,2017,"Aurelia_spp",29.0565421255202,350.909647168204,6
111,29.2360007564,-85.1129999023,2012,"Aurelia_spp",0,0,9
111,29.2360007564,-85.1129999023,2013,"Aurelia_spp",374.956232514709,87833.2895756777,13
111,29.2360007564,-85.1129999023,2014,"Aurelia_spp",186.935074883134,14321.2192918433,12
111,29.2360007564,-85.1129999023,2015,"Aurelia_spp",79.5054297384225,2923.51642335932,14
111,29.2360007564,-85.1129999023,2016,"Aurelia_spp",113.182101516885,5649.70795096009,9
111,29.2360007564,-85.1129999023,2017,"Aurelia_spp",0,0,6
112,29.2361145432,-84.6130000005,2012,"Aurelia_spp",0,0,8
112,29.2361145432,-84.6130000005,2013,"Aurelia_spp",10.9531065984082,45.6562875410689,5
112,29.2361145432,-84.6130000005,2014,"Aurelia_spp",13.7352067456032,85.698088115498,7
112,29.2361145432,-84.6130000005,2015,"Aurelia_spp",19.169734434295,216.662296653684,17
112,29.2361145432,-84.6130000005,2016,"Aurelia_spp",4.30774445475813,18.5566622874994,7
112,29.2361145432,-84.6130000005,2017,"Aurelia_spp",0,0,8
113,29.2361145429,-84.1130000003,2012,"Aurelia_spp",0,0,10
113,29.2361145429,-84.1130000003,2013,"Aurelia_spp",13.702864491824,187.768495281292,3
113,29.2361145429,-84.1130000003,2014,"Aurelia_spp",14.6855637914851,135.319076685828,9
113,29.2361145429,-84.1130000003,2015,"Aurelia_spp",268.300851930426,47357.6858287523,7
113,29.2361145429,-84.1130000003,2016,"Aurelia_spp",0,0,4
113,29.2361145429,-84.1130000003,2017,"Aurelia_spp",0,0,8
114,29.2361145423,-83.6130000001,2012,"Aurelia_spp",17.3213698338209,300.02985292,3
114,29.2361145423,-83.6130000001,2013,"Aurelia_spp",0,0,2
114,29.2361145423,-83.6130000001,2014,"Aurelia_spp",55.4717206075749,2458.51051854379,7
114,29.2361145423,-83.6130000001,2015,"Aurelia_spp",31.9774414988335,1022.55676481132,10
114,29.2361145423,-83.6130000001,2016,"Aurelia_spp",0,0,4
114,29.2361145423,-83.6130000001,2017,"Aurelia_spp",848.470138385432,401850.597652569,4
115,29.2061227184,-83.2613029356,2014,"Aurelia_spp",0,0,1
118,29.566145506,-94.0793022553,2012,"Aurelia_spp",0,0,17
118,29.566145506,-94.0793022553,2013,"Aurelia_spp",23.5105315354993,213.929026320326,13
118,29.566145506,-94.0793022553,2014,"Aurelia_spp",0.0336267198541387,0.00113075628814873,14
118,29.566145506,-94.0793022553,2015,"Aurelia_spp",0,0,3
118,29.566145506,-94.0793022553,2016,"Aurelia_spp",115.673531424489,13380.3658722122,3
118,29.566145506,-94.0793022553,2017,"Aurelia_spp",4.2094214098261,17.7192286055024,3
119,29.6142505019,-93.6016445233,2012,"Aurelia_spp",0,0,22
119,29.6142505019,-93.6016445233,2013,"Aurelia_spp",18.9623780595474,206.452859700216,25
119,29.6142505019,-93.6016445233,2014,"Aurelia_spp",0,0,23
119,29.6142505019,-93.6016445233,2015,"Aurelia_spp",7.25019285281694,20.3386426805721,3
119,29.6142505019,-93.6016445233,2016,"Aurelia_spp",69.0447780026348,3664.85772240815,4
119,29.6142505019,-93.6016445233,2017,"Aurelia_spp",16.0163351203138,256.522990686197,3
120,29.6139750344,-93.1306130599,2012,"Aurelia_spp",2.37279038819464,5.63013422630887,5
120,29.6139750344,-93.1306130599,2013,"Aurelia_spp",0,0,2
120,29.6139750344,-93.1306130599,2014,"Aurelia_spp",0,0,3
120,29.6139750344,-93.1306130599,2015,"Aurelia_spp",50.7544937638481,1513.76741476484,5
120,29.6139750344,-93.1306130599,2016,"Aurelia_spp",14.4147016082824,83.1134489823282,5
120,29.6139750344,-93.1306130599,2017,"Aurelia_spp",0,0,2
121,29.5411362875,-92.6625732891,2013,"Aurelia_spp",18159.1428001326,329754467.235608,1
121,29.5411362875,-92.6625732891,2015,"Aurelia_spp",247.419010244015,23042.7844310523,4
121,29.5411362875,-92.6625732891,2017,"Aurelia_spp",63.274410351857,4003.65100537519,1
124,29.5685526855,-88.9479742003,2014,"Aurelia_spp",0,0,1
125,29.7306670743,-88.6048064973,2012,"Aurelia_spp",0,0,5
125,29.7306670743,-88.6048064973,2013,"Aurelia_spp",12.3173243901461,151.716480132088,7
125,29.7306670743,-88.6048064973,2014,"Aurelia_spp",16.807265249712,282.484165174177,9
125,29.7306670743,-88.6048064973,2015,"Aurelia_spp",0,0,7
125,29.7306670743,-88.6048064973,2016,"Aurelia_spp",344.893424765299,103015.079082617,8
125,29.7306670743,-88.6048064973,2017,"Aurelia_spp",0,0,7
126,29.7379657261,-88.1144865605,2012,"Aurelia_spp",33.6895324944532,1134.98459969482,6
126,29.7379657261,-88.1144865605,2013,"Aurelia_spp",130.409671980672,12128.0494818589,5
126,29.7379657261,-88.1144865605,2014,"Aurelia_spp",6.14661983783974,37.780935430925,8
126,29.7379657261,-88.1144865605,2015,"Aurelia_spp",113.320881432162,5971.94706248871,5
126,29.7379657261,-88.1144865605,2016,"Aurelia_spp",0,0,3
126,29.7379657261,-88.1144865605,2017,"Aurelia_spp",0,0,7
127,29.7433828946,-87.6129726892,2012,"Aurelia_spp",0,0,4
127,29.7433828946,-87.6129726892,2013,"Aurelia_spp",28.747268164666,826.405426931216,2
127,29.7433828946,-87.6129726892,2014,"Aurelia_spp",26.2489936694031,371.749091551083,8
127,29.7433828946,-87.6129726892,2015,"Aurelia_spp",9.32851059874908,87.021109990974,6
127,29.7433828946,-87.6129726892,2016,"Aurelia_spp",9.93605975056507,98.7252833667991,3
127,29.7433828946,-87.6129726892,2017,"Aurelia_spp",0,0,5
128,29.7432072297,-87.1129725897,2012,"Aurelia_spp",0,0,5
128,29.7432072297,-87.1129725897,2013,"Aurelia_spp",0,0,1
128,29.7432072297,-87.1129725897,2014,"Aurelia_spp",0,0,1
128,29.7432072297,-87.1129725897,2015,"Aurelia_spp",9.47202614642215,89.7192793185049,4
128,29.7432072297,-87.1129725897,2016,"Aurelia_spp",0,0,3
128,29.7432072297,-87.1129725897,2017,"Aurelia_spp",20.6877661970721,427.983670224718,4
129,29.7430852169,-86.6129529387,2012,"Aurelia_spp",58.5486028287027,3427.93889319317,1
129,29.7430852169,-86.6129529387,2013,"Aurelia_spp",88.3978496063478,7814.17981502648,1
129,29.7430852169,-86.6129529387,2014,"Aurelia_spp",0,0,1
129,29.7430852169,-86.6129529387,2016,"Aurelia_spp",8114.94312762566,65852301.9645989,1
129,29.7430852169,-86.6129529387,2017,"Aurelia_spp",33.3673648339871,1113.3810359644,2
130,29.740834706,-86.1116196559,2012,"Aurelia_spp",0,0,12
130,29.740834706,-86.1116196559,2013,"Aurelia_spp",0,0,7
130,29.740834706,-86.1116196559,2014,"Aurelia_spp",63.4490406968747,1517.64483712294,8
130,29.740834706,-86.1116196559,2015,"Aurelia_spp",225.97331652294,32550.5230105633,7
130,29.740834706,-86.1116196559,2016,"Aurelia_spp",22.8490926270594,522.081033879942,9
130,29.740834706,-86.1116196559,2017,"Aurelia_spp",16.8474636216732,125.941926868993,7
131,29.728655105,-85.624748745,2012,"Aurelia_spp",0,0,3
131,29.728655105,-85.624748745,2013,"Aurelia_spp",0,0,2
131,29.728655105,-85.624748745,2014,"Aurelia_spp",0,0,5
131,29.728655105,-85.624748745,2015,"Aurelia_spp",2.04375109608171,4.1769185427352,4
131,29.728655105,-85.624748745,2016,"Aurelia_spp",71.252698329348,4101.86348608631,9
131,29.728655105,-85.624748745,2017,"Aurelia_spp",58.9442356320557,915.352747359014,12
132,29.5674991334,-85.1342289785,2012,"Aurelia_spp",0,0,1
132,29.5674991334,-85.1342289785,2013,"Aurelia_spp",0,0,1
132,29.5674991334,-85.1342289785,2014,"Aurelia_spp",1260.5448937284,1588973.42910474,1
132,29.5674991334,-85.1342289785,2015,"Aurelia_spp",6.40653404812552,41.0436785097916,5
132,29.5674991334,-85.1342289785,2017,"Aurelia_spp",62.525308258148,3909.41417277643,2
133,29.6517794195,-84.5751949588,2012,"Aurelia_spp",0,0,8
133,29.6517794195,-84.5751949588,2013,"Aurelia_spp",3.44796103284533,11.8884352840199,3
133,29.6517794195,-84.5751949588,2014,"Aurelia_spp",58.1333645107685,3379.48806934188,4
133,29.6517794195,-84.5751949588,2015,"Aurelia_spp",7.13972627807768,20.4209528796947,5
133,29.6517794195,-84.5751949588,2016,"Aurelia_spp",0,0,5
133,29.6517794195,-84.5751949588,2017,"Aurelia_spp",47.227654841951,2230.45138187046,3
134,29.7338591199,-84.110448008,2012,"Aurelia_spp",3.43461408691175,11.7965739260126,6
134,29.7338591199,-84.110448008,2013,"Aurelia_spp",182.185811993569,33191.6700917561,1
134,29.7338591199,-84.110448008,2014,"Aurelia_spp",0,0,6
134,29.7338591199,-84.110448008,2015,"Aurelia_spp",5.9558952284321,35.4726879720603,6
134,29.7338591199,-84.110448008,2016,"Aurelia_spp",7.90549874528315,62.4969104116735,2
134,29.7338591199,-84.110448008,2017,"Aurelia_spp",14.0583284925076,62.0522899929598,3
135,29.6819684334,-83.6760785774,2012,"Aurelia_spp",0,0,1
135,29.6819684334,-83.6760785774,2013,"Aurelia_spp",0,0,1
135,29.6819684334,-83.6760785774,2014,"Aurelia_spp",0,0,2
135,29.6819684334,-83.6760785774,2015,"Aurelia_spp",0,0,1
135,29.6819684334,-83.6760785774,2016,"Aurelia_spp",0,0,2
135,29.6819684334,-83.6760785774,2017,"Aurelia_spp",11.8069137104877,139.403211366902,1
138,30.1068696119,-88.6199565058,2012,"Aurelia_spp",0,0,3
138,30.1068696119,-88.6199565058,2013,"Aurelia_spp",0,0,1
138,30.1068696119,-88.6199565058,2014,"Aurelia_spp",63.7957052098696,1426.40439386778,3
138,30.1068696119,-88.6199565058,2015,"Aurelia_spp",2.23884254369977,5.01241593548008,8
138,30.1068696119,-88.6199565058,2016,"Aurelia_spp",0,0,2
138,30.1068696119,-88.6199565058,2017,"Aurelia_spp",0,0,5
139,30.1097037768,-88.1129033062,2012,"Aurelia_spp",0,0,5
139,30.1097037768,-88.1129033062,2013,"Aurelia_spp",7.6786133395743,58.9611028186884,3
139,30.1097037768,-88.1129033062,2014,"Aurelia_spp",14.4909698707601,90.3943320538841,7
139,30.1097037768,-88.1129033062,2015,"Aurelia_spp",5.3665845107996,28.8002293115542,3
139,30.1097037768,-88.1129033062,2016,"Aurelia_spp",0,0,2
139,30.1097037768,-88.1129033062,2017,"Aurelia_spp",0,0,3
140,30.1251800426,-87.6000406303,2012,"Aurelia_spp",116922.255552365,13667860952.6507,2
140,30.1251800426,-87.6000406303,2013,"Aurelia_spp",0,0,3
140,30.1251800426,-87.6000406303,2014,"Aurelia_spp",0,0,2
140,30.1251800426,-87.6000406303,2015,"Aurelia_spp",102.895066521399,10587.3947144431,4
140,30.1251800426,-87.6000406303,2016,"Aurelia_spp",210.881745750799,44471.1106909044,2
140,30.1251800426,-87.6000406303,2017,"Aurelia_spp",0,0,3
141,30.1624891875,-87.1044865047,2012,"Aurelia_spp",23.0605565852666,227.439462028224,4
141,30.1624891875,-87.1044865047,2013,"Aurelia_spp",0,0,4
141,30.1624891875,-87.1044865047,2014,"Aurelia_spp",210.589822401315,30184.1289889779,5
141,30.1624891875,-87.1044865047,2015,"Aurelia_spp",48.8622512433069,598.754813385988,7
141,30.1624891875,-87.1044865047,2016,"Aurelia_spp",32.8950882855676,432.430975246099,5
141,30.1624891875,-87.1044865047,2017,"Aurelia_spp",9.02253545111008,81.4061459665382,5
142,30.186690082,-86.6138121363,2012,"Aurelia_spp",0,0,6
142,30.186690082,-86.6138121363,2013,"Aurelia_spp",40.2970377974409,729.971831611281,6
142,30.186690082,-86.6138121363,2014,"Aurelia_spp",5.87265621078174,34.4880909700333,5
142,30.186690082,-86.6138121363,2015,"Aurelia_spp",2.47564319736034,6.12880924063652,8
142,30.186690082,-86.6138121363,2016,"Aurelia_spp",1570.77075927382,2288091.31981827,3
142,30.186690082,-86.6138121363,2017,"Aurelia_spp",0,0,3
143,30.1493596817,-86.1341371294,2012,"Aurelia_spp",0,0,7
143,30.1493596817,-86.1341371294,2013,"Aurelia_spp",0,0,5
143,30.1493596817,-86.1341371294,2014,"Aurelia_spp",0,0,3
143,30.1493596817,-86.1341371294,2015,"Aurelia_spp",0,0,3
143,30.1493596817,-86.1341371294,2016,"Aurelia_spp",0,0,5
143,30.1493596817,-86.1341371294,2017,"Aurelia_spp",0,0,2
144,30.0613945982,-85.7418169491,2013,"Aurelia_spp",0,0,1
144,30.0613945982,-85.7418169491,2014,"Aurelia_spp",0,0,3
144,30.0613945982,-85.7418169491,2015,"Aurelia_spp",0,0,2
144,30.0613945982,-85.7418169491,2016,"Aurelia_spp",0,0,1
